--
-- PostgreSQL database dump
--

-- Dumped from database version 12.2
-- Dumped by pg_dump version 12.2

SET statement_timeout = 0;
SET lock_timeout = 0;
SET idle_in_transaction_session_timeout = 0;
SET client_encoding = 'UTF8';
SET standard_conforming_strings = on;
SELECT pg_catalog.set_config('search_path', '', false);
SET check_function_bodies = false;
SET xmloption = content;
SET client_min_messages = warning;
SET row_security = off;

SET default_tablespace = '';

SET default_table_access_method = heap;

--
-- Name: auth_group; Type: TABLE; Schema: public; Owner: postgres
--

CREATE TABLE public.auth_group (
    id integer NOT NULL,
    name character varying(150) NOT NULL
);


ALTER TABLE public.auth_group OWNER TO postgres;

--
-- Name: auth_group_id_seq; Type: SEQUENCE; Schema: public; Owner: postgres
--

CREATE SEQUENCE public.auth_group_id_seq
    AS integer
    START WITH 1
    INCREMENT BY 1
    NO MINVALUE
    NO MAXVALUE
    CACHE 1;


ALTER TABLE public.auth_group_id_seq OWNER TO postgres;

--
-- Name: auth_group_id_seq; Type: SEQUENCE OWNED BY; Schema: public; Owner: postgres
--

ALTER SEQUENCE public.auth_group_id_seq OWNED BY public.auth_group.id;


--
-- Name: auth_group_permissions; Type: TABLE; Schema: public; Owner: postgres
--

CREATE TABLE public.auth_group_permissions (
    id integer NOT NULL,
    group_id integer NOT NULL,
    permission_id integer NOT NULL
);


ALTER TABLE public.auth_group_permissions OWNER TO postgres;

--
-- Name: auth_group_permissions_id_seq; Type: SEQUENCE; Schema: public; Owner: postgres
--

CREATE SEQUENCE public.auth_group_permissions_id_seq
    AS integer
    START WITH 1
    INCREMENT BY 1
    NO MINVALUE
    NO MAXVALUE
    CACHE 1;


ALTER TABLE public.auth_group_permissions_id_seq OWNER TO postgres;

--
-- Name: auth_group_permissions_id_seq; Type: SEQUENCE OWNED BY; Schema: public; Owner: postgres
--

ALTER SEQUENCE public.auth_group_permissions_id_seq OWNED BY public.auth_group_permissions.id;


--
-- Name: auth_permission; Type: TABLE; Schema: public; Owner: postgres
--

CREATE TABLE public.auth_permission (
    id integer NOT NULL,
    name character varying(255) NOT NULL,
    content_type_id integer NOT NULL,
    codename character varying(100) NOT NULL
);


ALTER TABLE public.auth_permission OWNER TO postgres;

--
-- Name: auth_permission_id_seq; Type: SEQUENCE; Schema: public; Owner: postgres
--

CREATE SEQUENCE public.auth_permission_id_seq
    AS integer
    START WITH 1
    INCREMENT BY 1
    NO MINVALUE
    NO MAXVALUE
    CACHE 1;


ALTER TABLE public.auth_permission_id_seq OWNER TO postgres;

--
-- Name: auth_permission_id_seq; Type: SEQUENCE OWNED BY; Schema: public; Owner: postgres
--

ALTER SEQUENCE public.auth_permission_id_seq OWNED BY public.auth_permission.id;


--
-- Name: auth_user; Type: TABLE; Schema: public; Owner: postgres
--

CREATE TABLE public.auth_user (
    id integer NOT NULL,
    password character varying(128) NOT NULL,
    last_login timestamp with time zone,
    is_superuser boolean NOT NULL,
    username character varying(150) NOT NULL,
    first_name character varying(30) NOT NULL,
    last_name character varying(150) NOT NULL,
    email character varying(254) NOT NULL,
    is_staff boolean NOT NULL,
    is_active boolean NOT NULL,
    date_joined timestamp with time zone NOT NULL
);


ALTER TABLE public.auth_user OWNER TO postgres;

--
-- Name: auth_user_groups; Type: TABLE; Schema: public; Owner: postgres
--

CREATE TABLE public.auth_user_groups (
    id integer NOT NULL,
    user_id integer NOT NULL,
    group_id integer NOT NULL
);


ALTER TABLE public.auth_user_groups OWNER TO postgres;

--
-- Name: auth_user_groups_id_seq; Type: SEQUENCE; Schema: public; Owner: postgres
--

CREATE SEQUENCE public.auth_user_groups_id_seq
    AS integer
    START WITH 1
    INCREMENT BY 1
    NO MINVALUE
    NO MAXVALUE
    CACHE 1;


ALTER TABLE public.auth_user_groups_id_seq OWNER TO postgres;

--
-- Name: auth_user_groups_id_seq; Type: SEQUENCE OWNED BY; Schema: public; Owner: postgres
--

ALTER SEQUENCE public.auth_user_groups_id_seq OWNED BY public.auth_user_groups.id;


--
-- Name: auth_user_id_seq; Type: SEQUENCE; Schema: public; Owner: postgres
--

CREATE SEQUENCE public.auth_user_id_seq
    AS integer
    START WITH 1
    INCREMENT BY 1
    NO MINVALUE
    NO MAXVALUE
    CACHE 1;


ALTER TABLE public.auth_user_id_seq OWNER TO postgres;

--
-- Name: auth_user_id_seq; Type: SEQUENCE OWNED BY; Schema: public; Owner: postgres
--

ALTER SEQUENCE public.auth_user_id_seq OWNED BY public.auth_user.id;


--
-- Name: auth_user_user_permissions; Type: TABLE; Schema: public; Owner: postgres
--

CREATE TABLE public.auth_user_user_permissions (
    id integer NOT NULL,
    user_id integer NOT NULL,
    permission_id integer NOT NULL
);


ALTER TABLE public.auth_user_user_permissions OWNER TO postgres;

--
-- Name: auth_user_user_permissions_id_seq; Type: SEQUENCE; Schema: public; Owner: postgres
--

CREATE SEQUENCE public.auth_user_user_permissions_id_seq
    AS integer
    START WITH 1
    INCREMENT BY 1
    NO MINVALUE
    NO MAXVALUE
    CACHE 1;


ALTER TABLE public.auth_user_user_permissions_id_seq OWNER TO postgres;

--
-- Name: auth_user_user_permissions_id_seq; Type: SEQUENCE OWNED BY; Schema: public; Owner: postgres
--

ALTER SEQUENCE public.auth_user_user_permissions_id_seq OWNED BY public.auth_user_user_permissions.id;


--
-- Name: customer; Type: TABLE; Schema: public; Owner: postgres
--

CREATE TABLE public.customer (
    id_customer integer NOT NULL,
    nama_customer character varying(125) NOT NULL
);


ALTER TABLE public.customer OWNER TO postgres;

--
-- Name: data_part; Type: TABLE; Schema: public; Owner: postgres
--

CREATE TABLE public.data_part (
    id_part bigint NOT NULL,
    no_sap character varying(50),
    safety_grade character varying(5) NOT NULL,
    nama_part character varying(125) NOT NULL,
    type character varying(6),
    proses character varying(5),
    id_customer integer NOT NULL
);


ALTER TABLE public.data_part OWNER TO postgres;

--
-- Name: django_admin_log; Type: TABLE; Schema: public; Owner: postgres
--

CREATE TABLE public.django_admin_log (
    id integer NOT NULL,
    action_time timestamp with time zone NOT NULL,
    object_id text,
    object_repr character varying(200) NOT NULL,
    action_flag smallint NOT NULL,
    change_message text NOT NULL,
    content_type_id integer,
    user_id integer NOT NULL,
    CONSTRAINT django_admin_log_action_flag_check CHECK ((action_flag >= 0))
);


ALTER TABLE public.django_admin_log OWNER TO postgres;

--
-- Name: django_admin_log_id_seq; Type: SEQUENCE; Schema: public; Owner: postgres
--

CREATE SEQUENCE public.django_admin_log_id_seq
    AS integer
    START WITH 1
    INCREMENT BY 1
    NO MINVALUE
    NO MAXVALUE
    CACHE 1;


ALTER TABLE public.django_admin_log_id_seq OWNER TO postgres;

--
-- Name: django_admin_log_id_seq; Type: SEQUENCE OWNED BY; Schema: public; Owner: postgres
--

ALTER SEQUENCE public.django_admin_log_id_seq OWNED BY public.django_admin_log.id;


--
-- Name: django_content_type; Type: TABLE; Schema: public; Owner: postgres
--

CREATE TABLE public.django_content_type (
    id integer NOT NULL,
    app_label character varying(100) NOT NULL,
    model character varying(100) NOT NULL
);


ALTER TABLE public.django_content_type OWNER TO postgres;

--
-- Name: django_content_type_id_seq; Type: SEQUENCE; Schema: public; Owner: postgres
--

CREATE SEQUENCE public.django_content_type_id_seq
    AS integer
    START WITH 1
    INCREMENT BY 1
    NO MINVALUE
    NO MAXVALUE
    CACHE 1;


ALTER TABLE public.django_content_type_id_seq OWNER TO postgres;

--
-- Name: django_content_type_id_seq; Type: SEQUENCE OWNED BY; Schema: public; Owner: postgres
--

ALTER SEQUENCE public.django_content_type_id_seq OWNED BY public.django_content_type.id;


--
-- Name: django_migrations; Type: TABLE; Schema: public; Owner: postgres
--

CREATE TABLE public.django_migrations (
    id integer NOT NULL,
    app character varying(255) NOT NULL,
    name character varying(255) NOT NULL,
    applied timestamp with time zone NOT NULL
);


ALTER TABLE public.django_migrations OWNER TO postgres;

--
-- Name: django_migrations_id_seq; Type: SEQUENCE; Schema: public; Owner: postgres
--

CREATE SEQUENCE public.django_migrations_id_seq
    AS integer
    START WITH 1
    INCREMENT BY 1
    NO MINVALUE
    NO MAXVALUE
    CACHE 1;


ALTER TABLE public.django_migrations_id_seq OWNER TO postgres;

--
-- Name: django_migrations_id_seq; Type: SEQUENCE OWNED BY; Schema: public; Owner: postgres
--

ALTER SEQUENCE public.django_migrations_id_seq OWNED BY public.django_migrations.id;


--
-- Name: django_session; Type: TABLE; Schema: public; Owner: postgres
--

CREATE TABLE public.django_session (
    session_key character varying(40) NOT NULL,
    session_data text NOT NULL,
    expire_date timestamp with time zone NOT NULL
);


ALTER TABLE public.django_session OWNER TO postgres;

--
-- Name: user; Type: TABLE; Schema: public; Owner: postgres
--

CREATE TABLE public."user" (
    id_user integer NOT NULL,
    nama_lengkap character varying(125) NOT NULL,
    username character varying(125) NOT NULL,
    email character varying(125) NOT NULL,
    role character varying(125) NOT NULL,
    password text NOT NULL,
    is_active boolean NOT NULL,
    created_at time with time zone NOT NULL,
    updated_at timestamp with time zone NOT NULL
);


ALTER TABLE public."user" OWNER TO postgres;

--
-- Name: auth_group id; Type: DEFAULT; Schema: public; Owner: postgres
--

ALTER TABLE ONLY public.auth_group ALTER COLUMN id SET DEFAULT nextval('public.auth_group_id_seq'::regclass);


--
-- Name: auth_group_permissions id; Type: DEFAULT; Schema: public; Owner: postgres
--

ALTER TABLE ONLY public.auth_group_permissions ALTER COLUMN id SET DEFAULT nextval('public.auth_group_permissions_id_seq'::regclass);


--
-- Name: auth_permission id; Type: DEFAULT; Schema: public; Owner: postgres
--

ALTER TABLE ONLY public.auth_permission ALTER COLUMN id SET DEFAULT nextval('public.auth_permission_id_seq'::regclass);


--
-- Name: auth_user id; Type: DEFAULT; Schema: public; Owner: postgres
--

ALTER TABLE ONLY public.auth_user ALTER COLUMN id SET DEFAULT nextval('public.auth_user_id_seq'::regclass);


--
-- Name: auth_user_groups id; Type: DEFAULT; Schema: public; Owner: postgres
--

ALTER TABLE ONLY public.auth_user_groups ALTER COLUMN id SET DEFAULT nextval('public.auth_user_groups_id_seq'::regclass);


--
-- Name: auth_user_user_permissions id; Type: DEFAULT; Schema: public; Owner: postgres
--

ALTER TABLE ONLY public.auth_user_user_permissions ALTER COLUMN id SET DEFAULT nextval('public.auth_user_user_permissions_id_seq'::regclass);


--
-- Name: django_admin_log id; Type: DEFAULT; Schema: public; Owner: postgres
--

ALTER TABLE ONLY public.django_admin_log ALTER COLUMN id SET DEFAULT nextval('public.django_admin_log_id_seq'::regclass);


--
-- Name: django_content_type id; Type: DEFAULT; Schema: public; Owner: postgres
--

ALTER TABLE ONLY public.django_content_type ALTER COLUMN id SET DEFAULT nextval('public.django_content_type_id_seq'::regclass);


--
-- Name: django_migrations id; Type: DEFAULT; Schema: public; Owner: postgres
--

ALTER TABLE ONLY public.django_migrations ALTER COLUMN id SET DEFAULT nextval('public.django_migrations_id_seq'::regclass);


--
-- Data for Name: auth_group; Type: TABLE DATA; Schema: public; Owner: postgres
--

COPY public.auth_group (id, name) FROM stdin;
\.


--
-- Data for Name: auth_group_permissions; Type: TABLE DATA; Schema: public; Owner: postgres
--

COPY public.auth_group_permissions (id, group_id, permission_id) FROM stdin;
\.


--
-- Data for Name: auth_permission; Type: TABLE DATA; Schema: public; Owner: postgres
--

COPY public.auth_permission (id, name, content_type_id, codename) FROM stdin;
1	Can add log entry	1	add_logentry
2	Can change log entry	1	change_logentry
3	Can delete log entry	1	delete_logentry
4	Can view log entry	1	view_logentry
5	Can add permission	2	add_permission
6	Can change permission	2	change_permission
7	Can delete permission	2	delete_permission
8	Can view permission	2	view_permission
9	Can add group	3	add_group
10	Can change group	3	change_group
11	Can delete group	3	delete_group
12	Can view group	3	view_group
13	Can add user	4	add_user
14	Can change user	4	change_user
15	Can delete user	4	delete_user
16	Can view user	4	view_user
17	Can add content type	5	add_contenttype
18	Can change content type	5	change_contenttype
19	Can delete content type	5	delete_contenttype
20	Can view content type	5	view_contenttype
21	Can add session	6	add_session
22	Can change session	6	change_session
23	Can delete session	6	delete_session
24	Can view session	6	view_session
\.


--
-- Data for Name: auth_user; Type: TABLE DATA; Schema: public; Owner: postgres
--

COPY public.auth_user (id, password, last_login, is_superuser, username, first_name, last_name, email, is_staff, is_active, date_joined) FROM stdin;
\.


--
-- Data for Name: auth_user_groups; Type: TABLE DATA; Schema: public; Owner: postgres
--

COPY public.auth_user_groups (id, user_id, group_id) FROM stdin;
\.


--
-- Data for Name: auth_user_user_permissions; Type: TABLE DATA; Schema: public; Owner: postgres
--

COPY public.auth_user_user_permissions (id, user_id, permission_id) FROM stdin;
\.


--
-- Data for Name: customer; Type: TABLE DATA; Schema: public; Owner: postgres
--

COPY public.customer (id_customer, nama_customer) FROM stdin;
7	ADM
8	AVI
9	DNIA
10	AHM OP
11	FSCM
12	IAMI
13	TMMIN
14	SANENG
15	SKI
16	GEMITA
17	YUTAKA
18	YASUNLI
19	TGSSI
20	AHM-PC
1	AHM
\.


--
-- Data for Name: data_part; Type: TABLE DATA; Schema: public; Owner: postgres
--

COPY public.data_part (id_part, no_sap, safety_grade, nama_part, type, proses, id_customer) FROM stdin;
76	QI2PLA-GRAD59BK00	NON	COVER COMP RADIATOR K59A	K59A	PI	1
161	QS2FEN-GFNF59WH00	HA	FENDER FRONT K59A NH-341P WHITE	K59A	PT	1
162	QS2FEN-GFNF59BK00	HA	FENDER FRONT K59A NH-B12 AFINITY BLACK	K59A	PT	1
75	QI2SCO-GCSD56BK01	NON	COVER R SIDE K56F	K56F	PI	1
6	QI2LSG-GLUG59BK00	HA	BOX LUGGAGE SUB ASSY K59A	K59A	PI	1
23	QI2LIG-GBAS59BK00	HB	BASE LICENCE LIGHT K59A	K59A	PI	1
9	QI2LSG-GLUGWWBK00	HA	BOX LUGGAGE ASSY KWWX	KWWX	PI	1
1	QI2LSG-GGRB61BK00	HS	REAR GRAB RAIL ASSY K61A	K61A	PI	1
2	QI2LSG-GGRB81BK00	HS	RR GRAB RAIL K81A	K81A	PI	1
3	QI2LSG-GLUG59BK01	HA	BOX LUGGAGE SUB ASSY K59J	K59J	PI	1
4	QI2LSG-GLUG97BK00	HA	BOX LUGGAGE SET K97G	K97G	PI	1
5	QI2FEN-GFNR97BK00	HA	FENDER C RR K97F	K97G	PI	1
7	QI2LSG-GLUG81BK00	HA	BOX LUGGAGE SET K81A	K81A	PI	1
8	QI2LSG-GLUG93BK00	HA	BOX LUGGAGE ASSY K93A	K93A	PI	1
10	QI2FEN-GFNF59BK10	HA	FENDER FRONT K59J	K59J	PI	1
11	QI2FEN-GFNF56BK00	HA	FENDER A FRONT K56F	K56F	PI	1
12	QI2FEN-GFNF56BK03	HA	FENDER B FRONT K56F	K56F	PI	1
13	QI2FEN-GFNR56BK00	HA	FENDER REAR LOWER K56F	K56F	PI	1
14	QI2FEN-SFNF59BK00	HA	FENDER FRONT K59A	K59A	PI	1
15	QI2FEN-GFNR61BK00	HA	FENDER REAR K61A	K61A	PI	1
16	QI2FEN-GFNR81BK00	HA	FENDER REAR ASSY K81A	K81A	PI	1
17	QI2FEN-GFNF93BK00	HA	FENDER FRONT K93A	K93A	PI	1
18	QI2FEN-GFNR93BK00	HA	FENDER REAR ASSY K93A	K93A	PI	1
19	QI2HLC-GHOSNFBK00	HB	HOUSING THROUTLE UNDER ANF	ANF	PI	1
20	QI2HLC-GHOSNFBK01	HB	HOUSING THROUTLE UPPER ANF	ANF	PI	1
21	QI2HLC-GHOS44BK00	HB	HOUSING UNDER THROTLE K44F	K44F	PI	1
22	QI2HLC-GHOS44BK01	HB	HOUSING UPPER THROTLE K44F	K44F	PI	1
24	QI2PLA-GFAN59NT00	HB	FAN COMP COOLING K59A	K59A	PI	1
25	QI2PLA-GFAN60NT00	HB	FAN COMP COOLING K60A	K60A	PI	1
26	QI2CRN-GCCH60BK00	HB	COVER COMP HEAD SET K60R	K60R	PI	1
27	QI2SCO-GCWI64BK01	HB	INNER L MID COWL ASSY K64A	K64A	PI	1
28	QI2SCO-GCWI64BK00	HB	INNER R MID COWL ASSY K64A	K64A	PI	1
29	QI2HLC-GHOS66BK00	HB	HOUSING UNDER THROTLE K66	K66	PI	1
30	QI2HLC-GHOS66BK01	HB	HOUSING UPPER THROTLE K66	K66	PI	1
31	QI2PLA-GFAN60NT01	HB	FAN COMP COOLING 19510-K97F-T000	K97F	PI	1
32	QI2SCO-GCFL3SBK01	NON	COVER LH FRONT LOWER K03S	K03S	PI	1
33	QI2SCO-GCMP3SBK00	NON	COVER MAIN PIPE K03S	K03S	PI	1
34	QI2SCO-GCFL3SBK00	NON	COVER RH FRONT LOWER K03S	K03S	PI	1
35	QI2SCO-GCMP07BK02	NON	COVER MAIN PIPE SET K07A	K07A	PI	1
36	QI2CRN-GCRA15BK00	NON	COVER COMP L REAR K15A	K15A	PI	1
37	QI2CRN-GCRA15BK01	NON	COVER COMP L REAR K15G	K15G	PI	1
38	QI2HLC-GCHR15BK00	NON	COVER H/L REAR ASSY K15G	K15G	PI	1
39	QI2SCO-GCWL15BK01	NON	COWL L FRONT SET K15G	K15G	PI	1
40	QI2SCO-GCWL15BK03	NON	COWL L UNDER K15G	K15G	PI	1
41	QI2SCO-GCWL15BK00	NON	COWL R FRONT SET K15G	K15G	PI	1
42	QI2SCO-GCWL15BK02	NON	COWL R UNDER K15G	K15G	PI	1
43	QI2SCO-GSRD15BK01	NON	SHROUD L INNER K15G	K15G	PI	1
44	QI2SCO-GSRD15BK00	NON	SHROUD R INNER K15G	K15G	PI	1
45	QI2SCO-GCWL15BK06	NON	COWL R UNDER ASSY 6432B-K15M-H400-IN	K15M	PI	1
46	QI2SCO-GCWL15BK07	NON	COWL L UNDER ASSY 6431C-K15M-H400-IN	K15M	PI	1
47	QI2LIG-GCHL18BK00	NON	CASE HEAD LIGHT K18H	K18H	PI	1
48	QI2SCO-GCWL18BK00	NON	COWL R SIDE K18H	K18H	PI	1
49	QI2SCO-GCWL18BK01	NON	COWL L SIDE K18H	K18H	PI	1
50	QI2HLC-GCFL25BK01	NON	COVER FR LOWER ASSY 6430BK25900	K25A	PI	1
51	QI2SCO-GCFR1ABK01	NON	COVER LH FRONT K41A	K41A	PI	1
52	QI2SCO-GCBS1ABK01	NON	COVER LH SIDE K41A	K41A	PI	1
53	QI2SCO-GCFR1ABK00	NON	COVER RH FRONT K41A	K41A	PI	1
54	QI2SCO-GCBS1ABK00	NON	COVER RH SIDE K41A	K41A	PI	1
55	QI2CAI-GGUI44NT00	NON	GUIDE CAM CHAIN K44F	K44F	PI	1
56	QI2HLC-GCFT46BK00	NON	COVER FRONT TOP K46A	K46A	PI	1
57	QI2HLC-GCHF46BK00	NON	COVER HANDLE FRONT K46A	K46A	PI	1
58	QI2SCO-GCBO46BK01	NON	COVER LH BODY K46A	K46A	PI	1
59	QI2SCO-GCBS46BK01	NON	COVER LH BODY SIDE K46A	K46A	PI	1
60	QI2HLC-GCFR46BK01	NON	COVER LH FRONT K46A	K46A	PI	1
61	QI2SCO-GCBO46BK00	NON	COVER RH BODY K46A	K46A	PI	1
62	QI2SCO-GCBS46BK00	NON	COVER RH BODY SIDE K46A	K46A	PI	1
63	QI2HLC-GCFR46BK00	NON	COVER RH FRONT K46A	K46A	PI	1
64	QI2BAT-GLID46BK00	NON	LID BATTERY K46A	K46A	PI	1
65	QI2FOT-GFLO46BK00	NON	STEP FLOOR ASSY K46A	K46A	PI	1
66	QI2BAT-GLID46BK01	NON	LID BATTERY K46F	K46F	PI	1
67	QI2FOT-GFLO46BK01	NON	STEP FLOOR K46F	K46F	PI	1
68	QI2SCO-GCSU56BK01	NON	COVER L SIDE UPPER K56A	K56A	PI	1
69	QI2SCO-GCSU56BK00	NON	COVER R SIDE UPPER K56A	K56A	PI	1
70	QI2HLC-GCHF56BK00	NON	COVER HANDLE FRONT K56F	K56F	PI	1
71	QI2HLC-GCHT56BK00	NON	COVER HANDLE TOP LH K56F	K56F	PI	1
72	QI2HLC-GCHT56BK01	NON	COVER HANDLE TOP RH K56F	K56F	PI	1
73	QI2SCO-GCSD56BK00	NON	COVER L SIDE K56F	K56F	PI	1
74	QI2SCO-GCMP56BK00	NON	COVER MAIN PIPE REAR K56F	K56F	PI	1
77	QI2FOT-GFLO59BK01	NON	STEP FLOOR ASSY K59J	K59J	PI	1
78	QI2HLC-GGRN59BK01	NON	GARNISH FRONT SET K59J	K59J	PI	1
79	QI2HLC-GGRN59BK02	NON	GARNISH R FRONT SET K59J	K59J	PI	1
80	QI2HLC-GGRN59BK03	NON	GARNISH L FRONT SET K59J	K59J	PI	1
81	QI2SCO-GCBS59BK10	NON	COVER R BODY SIDE SET K59J	K59J	PI	1
82	QI2SCO-GCBS59BK11	NON	COVER L BODY SIDE SET K59J	K59J	PI	1
83	QI2BAT-GLID59BK01	NON	LID BATTERY K59J	K59J	PI	1
84	QI2SCO-GCUS60BK00	NON	COVER R UNDER SIDE SET K60R	K59J	PI	1
85	QI2SCO-GCUS60BK01	NON	COVER L UNDER SIDE SET K60R	K59J	PI	1
86	QI2HLC-GINR60BK00	NON	COV INNER LOWER ASSY 8114A-K60R	K59J	PI	1
87	QI2HLC-GCFL59BK00	NON	COVER FRONT LOWER ASSY K59J	K59J	PI	1
88	QI2LSG-GLUG59BK01	HA	BOX LUGGAGE SUB ASSY K59J	K59J	PI	1
89	QI2HLC-GCFR61BK00	NON	COVER FRONT K61A	K61A	PI	1
90	QI2HLC-GCFL61BK00	NON	COVER FRONT LOWER ASSY K61A	K61A	PI	1
91	QI2HLC-GINR61BK00	NON	COVER INNER K61A	K61A	PI	1
92	QI2SCO-GCBO61BK00	NON	COVER L BODY K61A	K61A	PI	1
93	QI2SCO-GCBO61BK01	NON	COVER R BODY K61A	K61A	PI	1
94	QI2OTH-GIGN61BK00	NON	GUARD IGN COIL K61A	K61A	PI	1
95	QI2BAT-GLID61BK00	NON	LID BATTERY K61A	K61A	PI	1
96	QI2HLC-GPKT61BK00	NON	POCKET INNER K61A	K61A	PI	1
97	QI2FOT-GFLO61BK00	NON	STEP FLOOR ASSY K61A	K61A	PI	1
98	QI2HLC-GCFR81BK00	NON	COVER FRONT K81A	K81A	PI	1
99	QI2HLC-GCFL81BK00	NON	COVER FRONT LOWER K81A	K81A	PI	1
100	QI2HLC-GCFT81BK00	NON	COVER FRONT TOP ASSY K81A	K81A	PI	1
101	QI2HLC-GINR81BK01	NON	COVER INNER LOWER ASSY K81A	K81A	PI	1
102	QI2HLC-GINR81BK00	NON	COVER INNER UPPER K81A	K81A	PI	1
103	QI2SCO-GCBO81BK00	NON	COVER L BODY K81A	K81A	PI	1
104	QI2SCO-GCBS81BK00	NON	COVER L BODY SIDE ASSY K81A	K81A	PI	1
105	QI2SCO-GCBO81BK01	NON	COVER R BODY K81A	K81A	PI	1
106	QI2SCO-GCBS81BK01	NON	COVER R BODY SIDE ASSY K81A	K81A	PI	1
107	QI2HLC-GCVR81BK00	NON	COVER UNDER K81A	K81A	PI	1
108	QI2BAT-GLID81BK00	NON	LID BATTERY K81A	K81A	PI	1
109	QI2FOT-GFLO81BK00	NON	STEP FLOOR ASSY K81A	K81A	PI	1
110	QI2CRN-GCRA84BK00	NON	COVER COMP L REAR K84A	K84A	PI	1
111	QI2SCO-GCBO93BK01	NON	COVER L BODY K93A	K93A	PI	1
112	QI2HLC-GLID93BK01	NON	LID L POCKET K93A	K93A	PI	1
113	QI2SPD-GCSP93BK00	NON	COVER B SPEEDOMETER K93A	K93A	PI	1
114	QI2HLC-GINR93BK00	NON	COVER INNER K93A	K93A	PI	1
115	QI2HLC-GCFT93BK00	NON	COVER FRONT TOP K93A	K93A	PI	1
116	QI2SCO-GCEN93BK01	NON	COVER REAR CENTER K93A	K93A	PI	1
117	QI2SCO-GCEN93BK00	NON	COVER CENTER K93A	K93A	PI	1
118	QI2HLC-GCFR93BK01	NON	COVER L FRONT K93A	K93A	PI	1
119	QI2HLC-GCFR93BK00	NON	COVER R FRONT K93A	K93A	PI	1
120	QI2HLC-GCVR93BK00	NON	COVER UNDER K93A ASSY	K93A	PI	1
121	QI2SCO-GCUS93BK01	NON	COVER UNDER L SIDE K93A	K93A	PI	1
122	QI2SCO-GCUS93BK00	NON	COVER UNDER R SIDE K93A	K93A	PI	1
123	QI2BAT-GLID93BK00	NON	LID BATTERY K93A MBNH-1	K93A	PI	1
124	QI2HLC-GLID93BK00	NON	LID INNER L POCKET ASSY K93A	K93A	PI	1
125	QI2HLC-GPKT93BK01	NON	POCKET L INNER K93A	K93A	PI	1
126	QI2HLC-GPKT93BK00	NON	POCKET R INNER K93A	K93A	PI	1
127	QI2FOT-GFLO93BK00	NON	STEP ASSY FLOOR K93A MBNH-1	K93A	PI	1
128	QI2FOT-GFLO97BK00	NON	STEP R FLOOR ASSY K97G	K97G	PI	1
129	QI2FOT-GFLO97BK01	NON	STEP L FLOOR ASSY K97G	K97G	PI	1
130	QI2PLA-GRADVBBK00	NON	COVER RADIATOR BLACK KVB	KVB	PI	1
131	QI2GAU-GOILVBBK00	NON	GAUGE OIL LEVEL KVB	KVB	PI	1
132	QI2GAU-GOILVYBK00	NON	GAUGE OIL ASSY LEVEL KVY	KVY	PI	1
133	QI2GAU-GOILWBBK00	NON	GAUGE OIL LEVEL KWBF	KWBF	PI	1
134	QI2GAU-GOILWCBK00	NON	GAUGE OIL ASSY LEVEL KWCA	KWCA	PI	1
135	QI2HLC-GCHRWWBK00	NON	COVER HANDLE REAR KWWF	KWWF	PI	1
136	QI2SCO-GCMPWWBK01	NON	COVER L MAIN PIPE SIDE ASSY KWWX ETCHING	KWWX	PI	1
137	QI2SCO-GCMPWWBK02	NON	COVER R MAIN PIPE SIDE ASSY KWWX ETCHING	KWWX	PI	1
138	QI2CAI-GCASYEBK00	NON	CASE DRIVE CHAIN KYEA	KYEA	PI	1
139	QI2SPD-GCSPYEBK00	NON	COVER METER A KYEA	KYEA	PI	1
140	QI2CRN-GCRAYZBK00	NON	COVER COMP L REAR KYZA	KYZA	PI	1
141	QI2PLA-GINS81BK00	NON	INSULATOR INLET PIPE ASSY KZL	KZL	PI	1
142	QI2ACL-GCVRZLBK00	NON	COVER DUCT SET L KZLG	KZLG	PI	1
145	QI2HLC-GCFR0WBK00	NON	COVER FR  UPPER 64336-K0WA-N005	K0WA	PI	1
146	QI2LSG-GLUG0WBK00	HA	BOX LUGGAGE SET 8125A-K0WA-N000-IN	K0WA	PI	1
147	\N	NON	COVER UNDER K0JA	K0JA	PI	1
148	\N	HB	FAN COMP COOLING K0JA	K0JA	PI	1
149	\N	NON	INSULATOR INLET PIPE K0JA	K0JA	PI	1
150	QS2FEN-GFNF07BK00	HA	FENDER A FRONT K07A NH-1 BLACK	K07A	PT	1
151	QS2FEN-GFNF07WH00	HA	FENDER A FRONT K07A NH-341 FAD WHITE	K07A	PT	1
152	QS2FEN-GFNF61WH00	HA	FENDER FRONT K61A NH-196 ROSS WHITE	K61A	PT	1
153	QS2FEN-GFNF61BK00	HA	FENDER FRONT K61A NH-1 BLACK	K61A	PT	1
154	QS2FEN-GFNF46WH01	HA	FENDER FRONT K46F NH-196 ROSS WHITE	K46F	PT	1
155	QS2FEN-GFNF46GY00	HA	FENDER FRONT K46F NH-303M AXIS GRAY	K46F	PT	1
156	QS2FEN-GFNF60WH00	HA	FENDER FR K60R NH-196 ROSS WHITE	K59J	PT	1
157	QS2FEN-GFNF47BK00	HA	FENDER A FRONT K47A NH-1 BLACK	K47A	PT	1
158	QS2FEN-GFNF47SV00	HA	FENDER A FRONT K47G NH-177 M VOS SILVER	K47G	PT	1
143	QI2SCO-GCWI64BK00	NON	INNER R MID COWL ASSY K64A	K64A	PI	1
144	QI2LSG-GLUG93BK00	HA	BOX LUGGAGE ASSY K93A	K93A	PI	1
159	QS2FEN-GCHF46WH00	HA	FENDER FRONT K46A NH-341P WHITE	K46A	PT	1
160	QS2FEN-GFNF46BK00	HA	FENDER FRONT K46A NH-1 BLACK	K46A	PT	1
163	QS2FEN-GFNF81WH00	HA	FENDER FRONT K81A NH-196 ROSS WHITE	K81A	PT	1
164	QS2FEN-GFNF81BK00	HA	FENDER FRONT K81A NH-1 BLACK	K81A	PT	1
165	QS2SCO-GFEN41BK00	HA	FENDER A FRONT K41 NH-1 BLACK	K41A	PT	1
166	QS2SCO-GFEN41BK01	HA	FENDER A FRONT K41 NH-436M BLACK MET	K41A	PT	1
167	QS2FEN-GFNFYZBK00	HA	FENDER A FRONT KYZ NH-B12 AFINITY BLACK	KYZA	PT	1
168	QS2ACL-GCVR07SV00	NON	COVER A/C OUTLET K07A NH131 STAR SILVER	K07A	PT	1
169	QS2ACL-GCVR07OR00	NON	COVER A/C OUTLET K07A YR294 BLITZ ORANGE	K07A	PT	1
170	QS2HLC-GCFT07BK00	NON	COVER FRONT TOP K07A NH-1 BLACK	K07A	PT	1
171	QS2HLC-GCFT07SV00	NON	COVER FRONT TOP K07A NH-131 STAR SILVER	K07A	PT	1
172	QS2HLC-GCFT07WH00	NON	COVER FRONT TOP K07A NH-341 FAD WHITE	K07A	PT	1
173	QS2SCO-GCBO07BK01	NON	COVER L BODY K07A NH-1 BLACK	K07A	PT	1
174	QS2SCO-GCBO07BK04	NON	COVER L BODY K07A NH-B12 BLACK MET	K07A	PT	1
175	QS2SCO-GCMP07SV01	NON	COVER L M/P SIDE K07A NH131 STAR SILVER	K07A	PT	1
176	QS2SCO-GCMP07WH01	NON	COVER L M/P SIDE K07A NH-341 FAD WHITE	K07A	PT	1
177	QS2SCO-GCBO07BK00	NON	COVER R BODY K07A NH-1 BLACK	K07A	PT	1
178	QS2SCO-GCBO07BK03	NON	COVER R BODY K07A NH-B12 BLACK MET	K07A	PT	1
179	QS2SCO-GCMP07SV00	NON	COVER R M/P SIDE K07A NH131 STAR SILVER	K07A	PT	1
180	QS2SCO-GCMP07WH00	NON	COVER R M/P SIDE K07A NH-341 FAD WHITE	K07A	PT	1
181	QS2SPD-GCSP07SV00	NON	COVER SPEEDOMETER K07A NH131 STAR SILVER	K07A	PT	1
182	QS2SCO-GCTL07BK00	NON	COVER TAIL K07A NH-1 BLACK	K07A	PT	1
183	QS2SCO-GCTL07BK01	NON	COVER TAIL K07A NH-B12 BLACK MET	K07A	PT	1
184	QS2HLC-GCHN07BK01	NON	CVR L HANDLE TOP K07A NH-B12 BLACK MET	K07A	PT	1
185	QS2HLC-GCHN07OR01	NON	CVR L HANDLE TOP K07A YR294 BLITZ ORANGE	K07A	PT	1
186	QS2HLC-GCHN07BK00	NON	CVR R HANDLE TOP K07A NH-B12 BLACK MET	K07A	PT	1
187	QS2HLC-GCHN07OR00	NON	CVR R HANDLE TOP K07A YR294 BLITZ ORANGE	K07A	PT	1
188	QS2SCO-GLEG07BK01	NON	SHIELD LH LEG K07A NH-1 BLACK	K07A	PT	1
189	QS2SCO-GLEG07BK03	NON	SHIELD LH LEG K07A NH-B12 BLACK MET	K07A	PT	1
190	QS2SCO-GLEG07BK00	NON	SHIELD RH LEG K07A NH-1 BLACK	K07A	PT	1
191	QS2SCO-GLEG07BK02	NON	SHIELD RH LEG K07A NH-B12 BLACK MET	K07A	PT	1
192	QS2SCO-GCMP07BK01	NON	COVER L M/P SIDE K07J NH-B12 BLACK MET	K07A	PT	1
193	QS2SCO-GCMP07BK00	NON	COVER R M/P SIDE K07J NH-B12 BLACK MET	K07A	PT	1
194	QS2SCO-GLEG07WH01	NON	SHIELD LH LEG K07J NH-341 FAD WHITE	K07A	PT	1
195	QS2SCO-GLEG07WH00	NON	SHIELD RH LEG K07J NH-341 FAD WHITE	K07A	PT	1
196	QS2HLC-GCFR61WH00	NON	COVER FRONT K61A NH-196 ROSS WHITE	K61A	PT	1
197	QS2HLC-GCHF61WH00	NON	COVER HANDLE FRONT K61A NH-196 ROSS WHT	K61A	PT	1
198	QS2SCO-GCBO61WH00	NON	COVER L BODY K61A NH-196 ROSS WHITE	K61A	PT	1
199	QS2SCO-GCBO61WH01	NON	COVER R BODY K61A NH-196 ROSS WHITE	K61A	PT	1
200	QS2HLC-GCFR61BK00	NON	COVER FRONT K61A NH-1 BLACK	K61A	PT	1
201	QS2HLC-GCHF61BK00	NON	COVER HANDLE FRONT K61A NH-1 BLACK	K61A	PT	1
202	QS2SCO-GCBO61BK00	NON	COVER L BODY K61A NH-1 BLACK	K61A	PT	1
203	QS2SCO-GCBO61BK01	NON	COVER R BODY K61A NH-1 BLACK	K61A	PT	1
204	QS2HLC-GCFR61MG00	NON	COVER FRONT K61A RP-195C MAGENTA	K61A	PT	1
205	QS2HLC-GCHF61MG00	NON	COVER HANDLE FRONT K61A RP-195C MAGENTA	K61A	PT	1
206	QS2HLC-GCFT46WH01	NON	COVER FRONT TOP K46F NH-196 ROSS WHITE	K46F	PT	1
207	QS2HLC-GCFT46GY00	NON	COVER FRONT TOP K46F NH-303M AXIS GRAY	K46F	PT	1
208	QS2HLC-GCHF46WH01	NON	COVER HANDLE FRONT K46F NH-196 ROSS WHT	K46F	PT	1
209	QS2HLC-GCHF46GY00	NON	COVER HANDLE FRONT K46F NH-303M GRAY	K46F	PT	1
210	QS2HLC-GCHT46BK00	NON	COVER HANDLE TOP K46F NH-1 BLACK	K46F	PT	1
211	QS2HLC-GCHT46GY00	NON	COVER HANDLE TOP K46F NH-303M AXIS GRAY	K46F	PT	1
212	QS2SCO-GCBO46WH03	NON	COVER LH BODY K46F NH-196 ROSS WHITE	K46F	PT	1
213	QS2SCO-GCBO46GY01	NON	COVER LH BODY K46F NH-303M AXIS GRAY	K46F	PT	1
214	QS2HLC-GCFR46WH03	NON	COVER LH FRONT K46F NH-196 ROSS WHITE	K46F	PT	1
215	QS2HLC-GCFR46GY01	NON	COVER LH FRONT K46F NH-303M AXIS GRAY	K46F	PT	1
216	QS2SCO-GCBO46WH02	NON	COVER RH BODY K46F NH-196 ROSS WHITE	K46F	PT	1
217	QS2SCO-GCBO46GY00	NON	COVER RH BODY K46F NH-303M AXIS GRAY	K46F	PT	1
218	QS2HLC-GCFR46WH02	NON	COVER RH FRONT K46F NH-196 ROSS WHITE	K46F	PT	1
219	QS2HLC-GCFR46GY00	NON	COVER RH FRONT K46F NH-303M AXIS GRAY	K46F	PT	1
220	QS2SCO-GCEN46WH02	NON	COVER RR CENTER K46F NH-196 ROSS WHITE	K46F	PT	1
221	QS2SCO-GCEN46GY00	NON	COVER RR CENTER K46F NH-303M AXIS GRAY	K46F	PT	1
222	QS2SCO-GCEN46WH03	NON	COVER RR CENTER LWR K46F NH-196 ROSS WHT	K46F	PT	1
223	QS2SCO-GCEN46GY01	NON	COVER RR CENTER LWR K46F NH-303M GRAY	K46F	PT	1
224	QS2HLC-GCFT60BK00	NON	COVER FR TOP K60R NH-1 BLACK	K59J	PT	1
225	QS2HLC-GCHF60BK00	NON	COVER HANDLE FRONT K60R NH-1 BLACK	K59J	PT	1
226	QS2HLC-GRAK60BK00	NON	COVER RACK K60R NH-1 BLACK	K59J	PT	1
227	QS2SCO-GCEN60BK00	NON	COVER RR CENTER K60R NH-1 BLACK	K59J	PT	1
228	QS2SCO-GCFR60WH01	NON	COVER L FRONT K60R NH-196 ROSS WHITE	K59J	PT	1
229	QS2SCO-GCFR60WH00	NON	COVER R FRONT K60R NH-196 ROSS WHITE	K59J	PT	1
230	QS2HLC-GCFR60WH00	NON	COVER FRONT K60R NH-196 ROSS WHITE	K59J	PT	1
231	QS2SCO-GCBO60WH03	NON	COVER L BODY K60R NH-196 ROSS WHITE	K59J	PT	1
232	QS2SCO-GCBO60WH02	NON	COVER R BODY K60R NH-196 ROSS WHITE	K59J	PT	1
233	QS2HLC-GCHF60WH00	NON	CVR HANDLE FR TOP K60R NH-196 ROSS WHITE	K59J	PT	1
234	QS2ACL-GCVR47OR00	NON	COVER A/C OUTLET K47A YR-271 NIT ORANGE	K47A	PT	1
235	QS2HLC-GCFT47BK00	NON	COVER FRONT TOP K47A NH-1 BLACK	K47A	PT	1
236	QS2HLC-GCHN47OR00	NON	CVR R HANDLE TOP K47A YR-271 NIT ORANGE	K47A	PT	1
237	QS2HLC-GCHN47OR01	NON	CVR L HANDLE TOP K47A YR-271 NIT ORANGE	K47A	PT	1
238	QS2HLC-GCHN47WH00	NON	CVR R HANDLE TOP K47A NH-196 ROSS WHITE	K47A	PT	1
239	QS2HLC-GCHN47WH01	NON	CVR L HANDLE TOP K47A NH-196 ROSS WHITE	K47A	PT	1
240	QS2SCO-GCBO47BK00	NON	COVER R BODY K47A NH-1 BLACK	K47A	PT	1
241	QS2SCO-GCBO47BK01	NON	COVER L BODY K47A NH-1 BLACK	K47A	PT	1
242	QS2SCO-GCMP47SV00	NON	COVER R M/P SIDE K47A NH-177M VOS SILVER	K47A	PT	1
243	QS2SCO-GCMP47SV01	NON	COVER L M/P SIDE K47A NH-177M VOS SILVER	K47A	PT	1
244	QS2SCO-GCMP47WH00	NON	COVER R M/P SIDE K47A NH-196 ROSS WHITE	K47A	PT	1
245	QS2SCO-GCMP47WH01	NON	COVER L M/P SIDE K47A NH-196 ROSS WHITE	K47A	PT	1
246	QS2SCO-GCTL47BK00	NON	COVER TAIL K47A NH-1 BLACK	K47A	PT	1
247	QS2SCO-GLEG47BK00	NON	SHIELD RH LEG K47A NH-1 BLACK	K47A	PT	1
248	QS2SCO-GLEG47BK01	NON	SHIELD LH LEG K47A NH-1 BLACK	K47A	PT	1
249	QS2SCO-GLEG47OR00	NON	SHIELD RH LEG K47A YR-271 NITRIC ORANGE	K47A	PT	1
250	QS2SCO-GLEG47OR01	NON	SHIELD LH LEG K47A YR-271 NITRIC ORANGE	K47A	PT	1
251	QS2SCO-GLEG47WH00	NON	SHIELD RH LEG K47A NH-196 ROSS WHITE	K47A	PT	1
252	QS2SCO-GLEG47WH01	NON	SHIELD LH LEG K47A NH-196 ROSS WHITE	K47A	PT	1
253	QS2SPD-GCSP47SV00	NON	COVER SPEEDOMETER K47A NH131 STAR SILVER	K47A	PT	1
254	QS2ACL-GCVR47SV00	NON	COVER A/C OUTLET K47G NH-177M VOS SILVER	K47G	PT	1
255	QS2HLC-GCHN47BK00	NON	CVR L HANDLE TOP K47G NH-1 BLACK	K47G	PT	1
256	QS2HLC-GCHN47BK01	NON	CVR R HANDLE TOP K47G NH-1 BLACK	K47G	PT	1
257	QS2HLC-GCFR46BK00	NON	COVER RH FRONT K46A NH-1 BLACK	K46A	PT	1
258	QS2HLC-GCFR46BK01	NON	COVER LH FRONT K46A NH-1 BLACK	K46A	PT	1
259	QS2HLC-GCFR46WH00	NON	COVER RH FRONT K46A NH-341P WHITE	K46A	PT	1
260	QS2HLC-GCFR46WH01	NON	COVER LH FRONT K46A NH-341P WHITE	K46A	PT	1
261	QS2HLC-GCFT46BK00	NON	COVER FRONT TOP K46A NH-1 BLACK	K46A	PT	1
262	QS2HLC-GCFT46WH00	NON	COVER FRONT TOP K46A NH-341P WHITE	K46A	PT	1
263	QS2HLC-GCHF46BK00	NON	COVER HANDLE FRONT K46A NH-1 BLACK	K46A	PT	1
264	QS2HLC-GCHF46WH00	NON	COVER HANDLE FRONT K46A NH-341P WHITE	K46A	PT	1
265	QS2SCO-GCBO46BK00	NON	COVER RH BODY K46A NH-1 BLACK	K46A	PT	1
266	QS2SCO-GCBO46BK01	NON	COVER LH BODY K46A NH-1 BLACK	K46A	PT	1
267	QS2SCO-GCBO46WH00	NON	COVER RH BODY K46A NH-341P WHITE	K46A	PT	1
268	QS2SCO-GCBO46WH01	NON	COVER LH BODY K46A NH-341P WHITE	K46A	PT	1
269	QS2SCO-GCEN46BK00	NON	COVER RR CENTER K46A NH-1 BLACK	K46A	PT	1
270	QS2SCO-GCEN46BK01	NON	COVER RR CENTER LOWER K46A NH-1 BLACK	K46A	PT	1
271	QS2SCO-GCEN46WH00	NON	COVER RR CENTER K46A NH-341P WHITE	K46A	PT	1
272	QS2SCO-GCEN46WH01	NON	COVER RR CENTER LOWER K46A NH-341P WHITE	K46A	PT	1
273	QS2SPD-GCSP46SV00	NON	COVER SPEEDOMETER K46A NH-A30M SILVER	K46A	PT	1
274	QS2MUF-GPRT84SV00	NON	PROT MUFFLER K84A NH-141M CYCLON SILVER	K84A	PT	1
275	QS2HLC-GCFR81WH00	NON	COVER FRONT K81A NH-196 ROSS WHITE	K81A	PT	1
276	QS2HLC-GCHF81WH00	NON	COVER HANDLE FRONT K81A NH-196 ROSS WHT	K81A	PT	1
277	QS2SCO-GCBO81WH01	NON	COVER LH BODY K81A NH-196 ROSS WHITE	K81A	PT	1
278	QS2SCO-GCBO81WH00	NON	COVER RH BODY K81A NH-196 ROSS WHITE	K81A	PT	1
279	QS2SPD-GCSP81BK00	NON	COVER SPEEDO METER K81A NH-1 BLACK	K81A	PT	1
280	QS2HLC-GCFR81BK00	NON	COVER FRONT K81A NH-1 BLACK	K81A	PT	1
281	QS2HLC-GCHF81BK00	NON	COVER HANDLE FRONT K81A NH-1 BLACK	K81A	PT	1
282	QS2SCO-GCBO81BK01	NON	COVER LH BODY K81A NH-1 BLACK	K81A	PT	1
283	QS2SCO-GCBO81BK00	NON	COVER RH BODY K81A NH-1 BLACK	K81A	PT	1
284	QS2SCO-GCBO41BK01	NON	COVER LH BODY K41 NH-1 BLACK	K41A	PT	1
285	QS2SCO-GCBS41SV01	NON	COVER LH SIDE K41 NH-177 VOSTOC SILVER	K41A	PT	1
286	QS2SCO-GCMP41BK00	NON	COVER MAIN PIPE CENTER K41 NH-1 BLACK	K41A	PT	1
287	QS2SCO-GCBO41BK00	NON	COVER RH BODY K41 NH-1 BLACK	K41A	PT	1
288	QS2SCO-GCBS41SV00	NON	COVER RH SIDE K41 NH-177 VOSTOC SILVER	K41A	PT	1
289	QS2SCO-GCTL41BK00	NON	COVER TAIL K41 NH-1 BLACK	K41A	PT	1
290	QS2SCO-GCBO41BK03	NON	COVER LH BODY K41 NH-436M BLACK MET	K41A	PT	1
291	QS2SCO-GCFR41BK03	NON	COVER LH FRONT K41 NH-436M BLACK MET	K41A	PT	1
292	QS2SCO-GCBO41BK02	NON	COVER RH BODY K41 NH-436M BLACK MET	K41A	PT	1
293	QS2SCO-GCFR41BK02	NON	COVER RH FRONT K41 NH-436M BLACK MET	K41A	PT	1
294	QS2SCO-GCBS41BK02	NON	COVER RH SIDE K41 NH-436M BLACK MET	K41A	PT	1
295	QS2SCO-GCTL41BK01	NON	COVER TAIL K41 NH-436M BLACK MET	K41A	PT	1
296	QS2SCO-GCMPYZBK02	NON	COV LH SIDE M/P KYZ NH-B12 AFINITY BLACK	KYZA	PT	1
297	QS2SCO-GCMPYZBK01	NON	COV RH SIDE M/P KYZ NH-B12 AFINITY BLACK	KYZA	PT	1
298	QS2HLC-GCFTYZBK00	NON	COVER FR TOP KYZ NH-B12 AFINITY BLACK	KYZA	PT	1
299	QS2SCO-GCBOYZBK01	NON	COVER L BODY KYZ NH-B12 AFINITY BLACK	KYZA	PT	1
300	QS2SCO-GCBOYZBK00	NON	COVER R BODY KYZ NH-B12 AFINITY BLACK	KYZA	PT	1
301	QS2SCO-GCMPYZBK00	NON	COVER M/P LOWER KYZ NH-B12 AFINITY BLACK	KYZA	PT	1
302	QS2SCO-GCTLYZBK00	NON	COVER TAIL KYZ NH-B12 AFINITY BLACK	KYZA	PT	1
303	QS2SCO-GCBO60BR01	NON	COVER L BODY K60V YR-342M JASPER BR MET	K60V	PT	1
304	QS2FEN-GFNF60BR00	HA	FENDER FR K60V YR-342M JASPER BR MET	K60V	PT	1
305	QS2HLC-GCFR60BR00	NON	COVER FRONT K60V YR-342M JASPER BR MET	K60V	PT	1
306	QS2SCO-GCFR60BR01	NON	COVER L FRONT K60V YR-342M JASPER BR MET	K60V	PT	1
307	QS2LSG-GGRP0WBK00	HS	GRIP R RR K0WA NH-436 MET GUN POWDER MET	K0WA	PT	1
308	QS2LSG-GGRP0WBK01	HS	GRIP L RR K0WA NH-436 MET GUN POWDER MET	K0WA	PT	1
309	\N	HB	SEAT COMP DOUBLE K0WA	K0WA	SB	1
310	QT2SEA-GSBA0JBK01	HB	SEAT COMP DOUBLE K0JA TYPE 1	K0JA	SB	1
311	QT2SEA-GSBA03BK00	HB	SEAT COMP DOUBLE K03S	K03S	SB	1
312	QT2SEA-GASY1ABK00	HB	SEAT ASSY DOUBLE K41A	K41A	SB	1
313	QT2SEA-GSBA46BK00	HB	SEAT COMP DOUBLE K46A	K46A	SB	1
314	QT2SEA-GSBA59BK00	HB	SEAT COMP DOUBLE K59A	K59A	SB	1
315	QT2SEA-GSBA61BK00	HB	SEAT COMP DOUBLE K61A	K61A	SB	1
316	QT2SEA-GSBA97BK00	HB	SEAT COMP DOUBLE K97G TYPE 1	K97G	SB	1
317	QT2SEA-GSBA59BK01	HB	SEAT COMP DOUBLE K59J	K59J	SB	1
318	QT2SEA-GSBAYZBK00	HB	SEAT COMP DOUBLE KYZA	KYZA	SB	1
319	QT2SEA-GSBA81BK01	HB	SEAT COMP DOUBLE K81A	K81A	SB	1
320	QT2SEA-GSBAZLNT00	HB	SEAT COMP DOUBLE KZLG	KZLG	SB	1
321	QT2SEA-GSBA93BK00	HB	SEAT COMP DOUBLE K93A TYPE 1	K93A	SB	1
322	QT2SEA-GSBA93BR00	HB	SEAT COMP DOUBLE K93A TYPE 2	K93A	SB	1
323	QI4STW-GCSLG17870	#N/A	COVER STEERING LOWER GS131-17870	1787	PI	19
324	QI4STW-GCSW80BK00	#N/A	CVR STEERING WHEEL LOWER GS131-17880 5PK	1788	PI	19
325	QI4STW-GCSWG17830	#N/A	COVER STEERING WHEEL LOWER GS131-17830	1783	PI	19
326	QS2SCO-GCBO60BR00	NON	COVER R BODY K60V YR-342M JASPER BR MET	K60V	PT	1
327	QS2SCO-GCFR60BR00	NON	COVER R FRONT K60V YR-342M JASPER BR MET	K60V	PT	1
328	QB2MRR-GASY56BK01	NON	MIRROR ASSY LH BACK K56A	K56A	BM	1
329	QB2MRR-GANTZLBK01	NON	MIRROR ASSY LH BACK KZLG	KZLG	BM	20
330	QB2MRR-GANTZRBK01	NON	MIRROR ASSY LH BACK KZRA	KZRA	BM	20
333	QI2HLC-GCFR58BK00	NON	COVER FRONT K58L	K58L	PI	1
334	QI2HLC-GCFT90BK00	NON	COVER FRONT TOP K58L	K58L	PI	1
335	QI2FEN-GFNR1ABK00	NON	FENDER REAR ASSY K1AA	K1AA	PI	1
336	QI2FEN-GFNR1ABK00	HA	FENDER REAR ASSY K1AA	K1AA	PI	1
337	QI2LSG-GGRB1ABK00	HS	RR GRAB RAIL K1AA	K1AA	PI	1
338	QI2LSG-GLUG1ABK00	HA	BOX LUGGAGE ASSY K1AA	K1AA	PI	1
339	QT2SEA-GSBA1ABK00	HB	SEAT COMP DOUBLE K1AA	K1AA	PI	1
340	QB2MRR-GASY1ABK00	HB	MIRROR ASSY RH BACK K1AA	K1AA	PI	1
341	QB2MRR-GASY1ABK01	HB	MIRROR ASSY LH BACK K1AA	K1AA	PI	1
342	QI2CAI-GGUI1ANT00	HB	GUIDE CAM CHAIN K1AA	K1AA	PI	1
343	QI2FOT-GFLO1ABK00	NON	STEP ASSY FLOOR K1AA	K1AA	PI	1
344	QI2HLC-GCFT1ABK00	NON	COVER FR TOP ASSY K1AA	K1AA	PI	1
345	QI2SCO-GCBS1ABK02	NON	COVER R BODY SIDE ASSY K1AA	K1AA	PI	1
346	QI2SCO-GCBS1ABK03	NON	COVER L BODY SIDE ASSY K1AA	K1AA	PI	1
347	QI2HLC-GCVR1ABK00	NON	COVER UNDER K1AA	K1AA	PI	1
\.


--
-- Data for Name: django_admin_log; Type: TABLE DATA; Schema: public; Owner: postgres
--

COPY public.django_admin_log (id, action_time, object_id, object_repr, action_flag, change_message, content_type_id, user_id) FROM stdin;
\.


--
-- Data for Name: django_content_type; Type: TABLE DATA; Schema: public; Owner: postgres
--

COPY public.django_content_type (id, app_label, model) FROM stdin;
1	admin	logentry
2	auth	permission
3	auth	group
4	auth	user
5	contenttypes	contenttype
6	sessions	session
\.


--
-- Data for Name: django_migrations; Type: TABLE DATA; Schema: public; Owner: postgres
--

COPY public.django_migrations (id, app, name, applied) FROM stdin;
1	contenttypes	0001_initial	2020-06-25 20:08:46.702042+07
2	auth	0001_initial	2020-06-25 20:08:46.810048+07
3	admin	0001_initial	2020-06-25 20:08:46.973057+07
4	admin	0002_logentry_remove_auto_add	2020-06-25 20:08:47.049061+07
5	admin	0003_logentry_add_action_flag_choices	2020-06-25 20:08:47.068062+07
6	contenttypes	0002_remove_content_type_name	2020-06-25 20:08:47.113065+07
7	auth	0002_alter_permission_name_max_length	2020-06-25 20:08:47.125066+07
8	auth	0003_alter_user_email_max_length	2020-06-25 20:08:47.143067+07
9	auth	0004_alter_user_username_opts	2020-06-25 20:08:47.169068+07
10	auth	0005_alter_user_last_login_null	2020-06-25 20:08:47.188069+07
11	auth	0006_require_contenttypes_0002	2020-06-25 20:08:47.19407+07
12	auth	0007_alter_validators_add_error_messages	2020-06-25 20:08:47.214071+07
13	auth	0008_alter_user_username_max_length	2020-06-25 20:08:47.249073+07
14	auth	0009_alter_user_last_name_max_length	2020-06-25 20:08:47.270074+07
15	auth	0010_alter_group_name_max_length	2020-06-25 20:08:47.296075+07
16	auth	0011_update_proxy_permissions	2020-06-25 20:08:47.315077+07
17	sessions	0001_initial	2020-06-25 20:08:47.335078+07
\.


--
-- Data for Name: django_session; Type: TABLE DATA; Schema: public; Owner: postgres
--

COPY public.django_session (session_key, session_data, expire_date) FROM stdin;
\.


--
-- Data for Name: user; Type: TABLE DATA; Schema: public; Owner: postgres
--

COPY public."user" (id_user, nama_lengkap, username, email, role, password, is_active, created_at, updated_at) FROM stdin;
\.


--
-- Name: auth_group_id_seq; Type: SEQUENCE SET; Schema: public; Owner: postgres
--

SELECT pg_catalog.setval('public.auth_group_id_seq', 1, false);


--
-- Name: auth_group_permissions_id_seq; Type: SEQUENCE SET; Schema: public; Owner: postgres
--

SELECT pg_catalog.setval('public.auth_group_permissions_id_seq', 1, false);


--
-- Name: auth_permission_id_seq; Type: SEQUENCE SET; Schema: public; Owner: postgres
--

SELECT pg_catalog.setval('public.auth_permission_id_seq', 24, true);


--
-- Name: auth_user_groups_id_seq; Type: SEQUENCE SET; Schema: public; Owner: postgres
--

SELECT pg_catalog.setval('public.auth_user_groups_id_seq', 1, false);


--
-- Name: auth_user_id_seq; Type: SEQUENCE SET; Schema: public; Owner: postgres
--

SELECT pg_catalog.setval('public.auth_user_id_seq', 1, false);


--
-- Name: auth_user_user_permissions_id_seq; Type: SEQUENCE SET; Schema: public; Owner: postgres
--

SELECT pg_catalog.setval('public.auth_user_user_permissions_id_seq', 1, false);


--
-- Name: django_admin_log_id_seq; Type: SEQUENCE SET; Schema: public; Owner: postgres
--

SELECT pg_catalog.setval('public.django_admin_log_id_seq', 1, false);


--
-- Name: django_content_type_id_seq; Type: SEQUENCE SET; Schema: public; Owner: postgres
--

SELECT pg_catalog.setval('public.django_content_type_id_seq', 6, true);


--
-- Name: django_migrations_id_seq; Type: SEQUENCE SET; Schema: public; Owner: postgres
--

SELECT pg_catalog.setval('public.django_migrations_id_seq', 17, true);


--
-- Name: auth_group auth_group_name_key; Type: CONSTRAINT; Schema: public; Owner: postgres
--

ALTER TABLE ONLY public.auth_group
    ADD CONSTRAINT auth_group_name_key UNIQUE (name);


--
-- Name: auth_group_permissions auth_group_permissions_group_id_permission_id_0cd325b0_uniq; Type: CONSTRAINT; Schema: public; Owner: postgres
--

ALTER TABLE ONLY public.auth_group_permissions
    ADD CONSTRAINT auth_group_permissions_group_id_permission_id_0cd325b0_uniq UNIQUE (group_id, permission_id);


--
-- Name: auth_group_permissions auth_group_permissions_pkey; Type: CONSTRAINT; Schema: public; Owner: postgres
--

ALTER TABLE ONLY public.auth_group_permissions
    ADD CONSTRAINT auth_group_permissions_pkey PRIMARY KEY (id);


--
-- Name: auth_group auth_group_pkey; Type: CONSTRAINT; Schema: public; Owner: postgres
--

ALTER TABLE ONLY public.auth_group
    ADD CONSTRAINT auth_group_pkey PRIMARY KEY (id);


--
-- Name: auth_permission auth_permission_content_type_id_codename_01ab375a_uniq; Type: CONSTRAINT; Schema: public; Owner: postgres
--

ALTER TABLE ONLY public.auth_permission
    ADD CONSTRAINT auth_permission_content_type_id_codename_01ab375a_uniq UNIQUE (content_type_id, codename);


--
-- Name: auth_permission auth_permission_pkey; Type: CONSTRAINT; Schema: public; Owner: postgres
--

ALTER TABLE ONLY public.auth_permission
    ADD CONSTRAINT auth_permission_pkey PRIMARY KEY (id);


--
-- Name: auth_user_groups auth_user_groups_pkey; Type: CONSTRAINT; Schema: public; Owner: postgres
--

ALTER TABLE ONLY public.auth_user_groups
    ADD CONSTRAINT auth_user_groups_pkey PRIMARY KEY (id);


--
-- Name: auth_user_groups auth_user_groups_user_id_group_id_94350c0c_uniq; Type: CONSTRAINT; Schema: public; Owner: postgres
--

ALTER TABLE ONLY public.auth_user_groups
    ADD CONSTRAINT auth_user_groups_user_id_group_id_94350c0c_uniq UNIQUE (user_id, group_id);


--
-- Name: auth_user auth_user_pkey; Type: CONSTRAINT; Schema: public; Owner: postgres
--

ALTER TABLE ONLY public.auth_user
    ADD CONSTRAINT auth_user_pkey PRIMARY KEY (id);


--
-- Name: auth_user_user_permissions auth_user_user_permissions_pkey; Type: CONSTRAINT; Schema: public; Owner: postgres
--

ALTER TABLE ONLY public.auth_user_user_permissions
    ADD CONSTRAINT auth_user_user_permissions_pkey PRIMARY KEY (id);


--
-- Name: auth_user_user_permissions auth_user_user_permissions_user_id_permission_id_14a6b632_uniq; Type: CONSTRAINT; Schema: public; Owner: postgres
--

ALTER TABLE ONLY public.auth_user_user_permissions
    ADD CONSTRAINT auth_user_user_permissions_user_id_permission_id_14a6b632_uniq UNIQUE (user_id, permission_id);


--
-- Name: auth_user auth_user_username_key; Type: CONSTRAINT; Schema: public; Owner: postgres
--

ALTER TABLE ONLY public.auth_user
    ADD CONSTRAINT auth_user_username_key UNIQUE (username);


--
-- Name: customer customer_pkey; Type: CONSTRAINT; Schema: public; Owner: postgres
--

ALTER TABLE ONLY public.customer
    ADD CONSTRAINT customer_pkey PRIMARY KEY (id_customer);


--
-- Name: data_part data_part_pkey; Type: CONSTRAINT; Schema: public; Owner: postgres
--

ALTER TABLE ONLY public.data_part
    ADD CONSTRAINT data_part_pkey PRIMARY KEY (id_part);


--
-- Name: django_admin_log django_admin_log_pkey; Type: CONSTRAINT; Schema: public; Owner: postgres
--

ALTER TABLE ONLY public.django_admin_log
    ADD CONSTRAINT django_admin_log_pkey PRIMARY KEY (id);


--
-- Name: django_content_type django_content_type_app_label_model_76bd3d3b_uniq; Type: CONSTRAINT; Schema: public; Owner: postgres
--

ALTER TABLE ONLY public.django_content_type
    ADD CONSTRAINT django_content_type_app_label_model_76bd3d3b_uniq UNIQUE (app_label, model);


--
-- Name: django_content_type django_content_type_pkey; Type: CONSTRAINT; Schema: public; Owner: postgres
--

ALTER TABLE ONLY public.django_content_type
    ADD CONSTRAINT django_content_type_pkey PRIMARY KEY (id);


--
-- Name: django_migrations django_migrations_pkey; Type: CONSTRAINT; Schema: public; Owner: postgres
--

ALTER TABLE ONLY public.django_migrations
    ADD CONSTRAINT django_migrations_pkey PRIMARY KEY (id);


--
-- Name: django_session django_session_pkey; Type: CONSTRAINT; Schema: public; Owner: postgres
--

ALTER TABLE ONLY public.django_session
    ADD CONSTRAINT django_session_pkey PRIMARY KEY (session_key);


--
-- Name: user user_pkey; Type: CONSTRAINT; Schema: public; Owner: postgres
--

ALTER TABLE ONLY public."user"
    ADD CONSTRAINT user_pkey PRIMARY KEY (id_user);


--
-- Name: auth_group_name_a6ea08ec_like; Type: INDEX; Schema: public; Owner: postgres
--

CREATE INDEX auth_group_name_a6ea08ec_like ON public.auth_group USING btree (name varchar_pattern_ops);


--
-- Name: auth_group_permissions_group_id_b120cbf9; Type: INDEX; Schema: public; Owner: postgres
--

CREATE INDEX auth_group_permissions_group_id_b120cbf9 ON public.auth_group_permissions USING btree (group_id);


--
-- Name: auth_group_permissions_permission_id_84c5c92e; Type: INDEX; Schema: public; Owner: postgres
--

CREATE INDEX auth_group_permissions_permission_id_84c5c92e ON public.auth_group_permissions USING btree (permission_id);


--
-- Name: auth_permission_content_type_id_2f476e4b; Type: INDEX; Schema: public; Owner: postgres
--

CREATE INDEX auth_permission_content_type_id_2f476e4b ON public.auth_permission USING btree (content_type_id);


--
-- Name: auth_user_groups_group_id_97559544; Type: INDEX; Schema: public; Owner: postgres
--

CREATE INDEX auth_user_groups_group_id_97559544 ON public.auth_user_groups USING btree (group_id);


--
-- Name: auth_user_groups_user_id_6a12ed8b; Type: INDEX; Schema: public; Owner: postgres
--

CREATE INDEX auth_user_groups_user_id_6a12ed8b ON public.auth_user_groups USING btree (user_id);


--
-- Name: auth_user_user_permissions_permission_id_1fbb5f2c; Type: INDEX; Schema: public; Owner: postgres
--

CREATE INDEX auth_user_user_permissions_permission_id_1fbb5f2c ON public.auth_user_user_permissions USING btree (permission_id);


--
-- Name: auth_user_user_permissions_user_id_a95ead1b; Type: INDEX; Schema: public; Owner: postgres
--

CREATE INDEX auth_user_user_permissions_user_id_a95ead1b ON public.auth_user_user_permissions USING btree (user_id);


--
-- Name: auth_user_username_6821ab7c_like; Type: INDEX; Schema: public; Owner: postgres
--

CREATE INDEX auth_user_username_6821ab7c_like ON public.auth_user USING btree (username varchar_pattern_ops);


--
-- Name: django_admin_log_content_type_id_c4bce8eb; Type: INDEX; Schema: public; Owner: postgres
--

CREATE INDEX django_admin_log_content_type_id_c4bce8eb ON public.django_admin_log USING btree (content_type_id);


--
-- Name: django_admin_log_user_id_c564eba6; Type: INDEX; Schema: public; Owner: postgres
--

CREATE INDEX django_admin_log_user_id_c564eba6 ON public.django_admin_log USING btree (user_id);


--
-- Name: django_session_expire_date_a5c62663; Type: INDEX; Schema: public; Owner: postgres
--

CREATE INDEX django_session_expire_date_a5c62663 ON public.django_session USING btree (expire_date);


--
-- Name: django_session_session_key_c0390e0f_like; Type: INDEX; Schema: public; Owner: postgres
--

CREATE INDEX django_session_session_key_c0390e0f_like ON public.django_session USING btree (session_key varchar_pattern_ops);


--
-- Name: auth_group_permissions auth_group_permissio_permission_id_84c5c92e_fk_auth_perm; Type: FK CONSTRAINT; Schema: public; Owner: postgres
--

ALTER TABLE ONLY public.auth_group_permissions
    ADD CONSTRAINT auth_group_permissio_permission_id_84c5c92e_fk_auth_perm FOREIGN KEY (permission_id) REFERENCES public.auth_permission(id) DEFERRABLE INITIALLY DEFERRED;


--
-- Name: auth_group_permissions auth_group_permissions_group_id_b120cbf9_fk_auth_group_id; Type: FK CONSTRAINT; Schema: public; Owner: postgres
--

ALTER TABLE ONLY public.auth_group_permissions
    ADD CONSTRAINT auth_group_permissions_group_id_b120cbf9_fk_auth_group_id FOREIGN KEY (group_id) REFERENCES public.auth_group(id) DEFERRABLE INITIALLY DEFERRED;


--
-- Name: auth_permission auth_permission_content_type_id_2f476e4b_fk_django_co; Type: FK CONSTRAINT; Schema: public; Owner: postgres
--

ALTER TABLE ONLY public.auth_permission
    ADD CONSTRAINT auth_permission_content_type_id_2f476e4b_fk_django_co FOREIGN KEY (content_type_id) REFERENCES public.django_content_type(id) DEFERRABLE INITIALLY DEFERRED;


--
-- Name: auth_user_groups auth_user_groups_group_id_97559544_fk_auth_group_id; Type: FK CONSTRAINT; Schema: public; Owner: postgres
--

ALTER TABLE ONLY public.auth_user_groups
    ADD CONSTRAINT auth_user_groups_group_id_97559544_fk_auth_group_id FOREIGN KEY (group_id) REFERENCES public.auth_group(id) DEFERRABLE INITIALLY DEFERRED;


--
-- Name: auth_user_groups auth_user_groups_user_id_6a12ed8b_fk_auth_user_id; Type: FK CONSTRAINT; Schema: public; Owner: postgres
--

ALTER TABLE ONLY public.auth_user_groups
    ADD CONSTRAINT auth_user_groups_user_id_6a12ed8b_fk_auth_user_id FOREIGN KEY (user_id) REFERENCES public.auth_user(id) DEFERRABLE INITIALLY DEFERRED;


--
-- Name: auth_user_user_permissions auth_user_user_permi_permission_id_1fbb5f2c_fk_auth_perm; Type: FK CONSTRAINT; Schema: public; Owner: postgres
--

ALTER TABLE ONLY public.auth_user_user_permissions
    ADD CONSTRAINT auth_user_user_permi_permission_id_1fbb5f2c_fk_auth_perm FOREIGN KEY (permission_id) REFERENCES public.auth_permission(id) DEFERRABLE INITIALLY DEFERRED;


--
-- Name: auth_user_user_permissions auth_user_user_permissions_user_id_a95ead1b_fk_auth_user_id; Type: FK CONSTRAINT; Schema: public; Owner: postgres
--

ALTER TABLE ONLY public.auth_user_user_permissions
    ADD CONSTRAINT auth_user_user_permissions_user_id_a95ead1b_fk_auth_user_id FOREIGN KEY (user_id) REFERENCES public.auth_user(id) DEFERRABLE INITIALLY DEFERRED;


--
-- Name: django_admin_log django_admin_log_content_type_id_c4bce8eb_fk_django_co; Type: FK CONSTRAINT; Schema: public; Owner: postgres
--

ALTER TABLE ONLY public.django_admin_log
    ADD CONSTRAINT django_admin_log_content_type_id_c4bce8eb_fk_django_co FOREIGN KEY (content_type_id) REFERENCES public.django_content_type(id) DEFERRABLE INITIALLY DEFERRED;


--
-- Name: django_admin_log django_admin_log_user_id_c564eba6_fk_auth_user_id; Type: FK CONSTRAINT; Schema: public; Owner: postgres
--

ALTER TABLE ONLY public.django_admin_log
    ADD CONSTRAINT django_admin_log_user_id_c564eba6_fk_auth_user_id FOREIGN KEY (user_id) REFERENCES public.auth_user(id) DEFERRABLE INITIALLY DEFERRED;


--
-- Name: data_part fk_id_customer; Type: FK CONSTRAINT; Schema: public; Owner: postgres
--

ALTER TABLE ONLY public.data_part
    ADD CONSTRAINT fk_id_customer FOREIGN KEY (id_customer) REFERENCES public.customer(id_customer) ON UPDATE CASCADE ON DELETE CASCADE;


--
-- PostgreSQL database dump complete
--

