--
-- PostgreSQL database dump
--

-- Dumped from database version 12.2
-- Dumped by pg_dump version 12.2

SET statement_timeout = 0;
SET lock_timeout = 0;
SET idle_in_transaction_session_timeout = 0;
SET client_encoding = 'UTF8';
SET standard_conforming_strings = on;
SELECT pg_catalog.set_config('search_path', '', false);
SET check_function_bodies = false;
SET xmloption = content;
SET client_min_messages = warning;
SET row_security = off;

SET default_tablespace = '';

SET default_table_access_method = heap;

--
-- Name: auth_group; Type: TABLE; Schema: public; Owner: postgres
--

CREATE TABLE public.auth_group (
    id integer NOT NULL,
    name character varying(150) NOT NULL
);


ALTER TABLE public.auth_group OWNER TO postgres;

--
-- Name: auth_group_id_seq; Type: SEQUENCE; Schema: public; Owner: postgres
--

CREATE SEQUENCE public.auth_group_id_seq
    AS integer
    START WITH 1
    INCREMENT BY 1
    NO MINVALUE
    NO MAXVALUE
    CACHE 1;


ALTER TABLE public.auth_group_id_seq OWNER TO postgres;

--
-- Name: auth_group_id_seq; Type: SEQUENCE OWNED BY; Schema: public; Owner: postgres
--

ALTER SEQUENCE public.auth_group_id_seq OWNED BY public.auth_group.id;


--
-- Name: auth_group_permissions; Type: TABLE; Schema: public; Owner: postgres
--

CREATE TABLE public.auth_group_permissions (
    id integer NOT NULL,
    group_id integer NOT NULL,
    permission_id integer NOT NULL
);


ALTER TABLE public.auth_group_permissions OWNER TO postgres;

--
-- Name: auth_group_permissions_id_seq; Type: SEQUENCE; Schema: public; Owner: postgres
--

CREATE SEQUENCE public.auth_group_permissions_id_seq
    AS integer
    START WITH 1
    INCREMENT BY 1
    NO MINVALUE
    NO MAXVALUE
    CACHE 1;


ALTER TABLE public.auth_group_permissions_id_seq OWNER TO postgres;

--
-- Name: auth_group_permissions_id_seq; Type: SEQUENCE OWNED BY; Schema: public; Owner: postgres
--

ALTER SEQUENCE public.auth_group_permissions_id_seq OWNED BY public.auth_group_permissions.id;


--
-- Name: auth_permission; Type: TABLE; Schema: public; Owner: postgres
--

CREATE TABLE public.auth_permission (
    id integer NOT NULL,
    name character varying(255) NOT NULL,
    content_type_id integer NOT NULL,
    codename character varying(100) NOT NULL
);


ALTER TABLE public.auth_permission OWNER TO postgres;

--
-- Name: auth_permission_id_seq; Type: SEQUENCE; Schema: public; Owner: postgres
--

CREATE SEQUENCE public.auth_permission_id_seq
    AS integer
    START WITH 1
    INCREMENT BY 1
    NO MINVALUE
    NO MAXVALUE
    CACHE 1;


ALTER TABLE public.auth_permission_id_seq OWNER TO postgres;

--
-- Name: auth_permission_id_seq; Type: SEQUENCE OWNED BY; Schema: public; Owner: postgres
--

ALTER SEQUENCE public.auth_permission_id_seq OWNED BY public.auth_permission.id;


--
-- Name: auth_user; Type: TABLE; Schema: public; Owner: postgres
--

CREATE TABLE public.auth_user (
    id integer NOT NULL,
    password character varying(128) NOT NULL,
    last_login timestamp with time zone,
    is_superuser boolean NOT NULL,
    username character varying(150) NOT NULL,
    first_name character varying(30) NOT NULL,
    last_name character varying(150) NOT NULL,
    email character varying(254) NOT NULL,
    is_staff boolean NOT NULL,
    is_active boolean NOT NULL,
    date_joined timestamp with time zone NOT NULL
);


ALTER TABLE public.auth_user OWNER TO postgres;

--
-- Name: auth_user_groups; Type: TABLE; Schema: public; Owner: postgres
--

CREATE TABLE public.auth_user_groups (
    id integer NOT NULL,
    user_id integer NOT NULL,
    group_id integer NOT NULL
);


ALTER TABLE public.auth_user_groups OWNER TO postgres;

--
-- Name: auth_user_groups_id_seq; Type: SEQUENCE; Schema: public; Owner: postgres
--

CREATE SEQUENCE public.auth_user_groups_id_seq
    AS integer
    START WITH 1
    INCREMENT BY 1
    NO MINVALUE
    NO MAXVALUE
    CACHE 1;


ALTER TABLE public.auth_user_groups_id_seq OWNER TO postgres;

--
-- Name: auth_user_groups_id_seq; Type: SEQUENCE OWNED BY; Schema: public; Owner: postgres
--

ALTER SEQUENCE public.auth_user_groups_id_seq OWNED BY public.auth_user_groups.id;


--
-- Name: auth_user_id_seq; Type: SEQUENCE; Schema: public; Owner: postgres
--

CREATE SEQUENCE public.auth_user_id_seq
    AS integer
    START WITH 1
    INCREMENT BY 1
    NO MINVALUE
    NO MAXVALUE
    CACHE 1;


ALTER TABLE public.auth_user_id_seq OWNER TO postgres;

--
-- Name: auth_user_id_seq; Type: SEQUENCE OWNED BY; Schema: public; Owner: postgres
--

ALTER SEQUENCE public.auth_user_id_seq OWNED BY public.auth_user.id;


--
-- Name: auth_user_user_permissions; Type: TABLE; Schema: public; Owner: postgres
--

CREATE TABLE public.auth_user_user_permissions (
    id integer NOT NULL,
    user_id integer NOT NULL,
    permission_id integer NOT NULL
);


ALTER TABLE public.auth_user_user_permissions OWNER TO postgres;

--
-- Name: auth_user_user_permissions_id_seq; Type: SEQUENCE; Schema: public; Owner: postgres
--

CREATE SEQUENCE public.auth_user_user_permissions_id_seq
    AS integer
    START WITH 1
    INCREMENT BY 1
    NO MINVALUE
    NO MAXVALUE
    CACHE 1;


ALTER TABLE public.auth_user_user_permissions_id_seq OWNER TO postgres;

--
-- Name: auth_user_user_permissions_id_seq; Type: SEQUENCE OWNED BY; Schema: public; Owner: postgres
--

ALTER SEQUENCE public.auth_user_user_permissions_id_seq OWNED BY public.auth_user_user_permissions.id;


--
-- Name: customer; Type: TABLE; Schema: public; Owner: postgres
--

CREATE TABLE public.customer (
    id_customer integer NOT NULL,
    nama_customer character varying(125) NOT NULL
);


ALTER TABLE public.customer OWNER TO postgres;

--
-- Name: data_part; Type: TABLE; Schema: public; Owner: postgres
--

CREATE TABLE public.data_part (
    id_part bigint NOT NULL,
    no_sap character varying(50),
    safety_grade character varying(5) NOT NULL,
    nama_part character varying(125) NOT NULL,
    type character varying(6),
    proses character varying(5),
    id_customer integer NOT NULL
);


ALTER TABLE public.data_part OWNER TO postgres;

--
-- Name: departemen; Type: TABLE; Schema: public; Owner: postgres
--

CREATE TABLE public.departemen (
    dept_code character varying(7) NOT NULL,
    dept_name character varying(30) NOT NULL,
    created_at timestamp with time zone NOT NULL
);


ALTER TABLE public.departemen OWNER TO postgres;

--
-- Name: django_admin_log; Type: TABLE; Schema: public; Owner: postgres
--

CREATE TABLE public.django_admin_log (
    id integer NOT NULL,
    action_time timestamp with time zone NOT NULL,
    object_id text,
    object_repr character varying(200) NOT NULL,
    action_flag smallint NOT NULL,
    change_message text NOT NULL,
    content_type_id integer,
    user_id integer NOT NULL,
    CONSTRAINT django_admin_log_action_flag_check CHECK ((action_flag >= 0))
);


ALTER TABLE public.django_admin_log OWNER TO postgres;

--
-- Name: django_admin_log_id_seq; Type: SEQUENCE; Schema: public; Owner: postgres
--

CREATE SEQUENCE public.django_admin_log_id_seq
    AS integer
    START WITH 1
    INCREMENT BY 1
    NO MINVALUE
    NO MAXVALUE
    CACHE 1;


ALTER TABLE public.django_admin_log_id_seq OWNER TO postgres;

--
-- Name: django_admin_log_id_seq; Type: SEQUENCE OWNED BY; Schema: public; Owner: postgres
--

ALTER SEQUENCE public.django_admin_log_id_seq OWNED BY public.django_admin_log.id;


--
-- Name: django_content_type; Type: TABLE; Schema: public; Owner: postgres
--

CREATE TABLE public.django_content_type (
    id integer NOT NULL,
    app_label character varying(100) NOT NULL,
    model character varying(100) NOT NULL
);


ALTER TABLE public.django_content_type OWNER TO postgres;

--
-- Name: django_content_type_id_seq; Type: SEQUENCE; Schema: public; Owner: postgres
--

CREATE SEQUENCE public.django_content_type_id_seq
    AS integer
    START WITH 1
    INCREMENT BY 1
    NO MINVALUE
    NO MAXVALUE
    CACHE 1;


ALTER TABLE public.django_content_type_id_seq OWNER TO postgres;

--
-- Name: django_content_type_id_seq; Type: SEQUENCE OWNED BY; Schema: public; Owner: postgres
--

ALTER SEQUENCE public.django_content_type_id_seq OWNED BY public.django_content_type.id;


--
-- Name: django_migrations; Type: TABLE; Schema: public; Owner: postgres
--

CREATE TABLE public.django_migrations (
    id integer NOT NULL,
    app character varying(255) NOT NULL,
    name character varying(255) NOT NULL,
    applied timestamp with time zone NOT NULL
);


ALTER TABLE public.django_migrations OWNER TO postgres;

--
-- Name: django_migrations_id_seq; Type: SEQUENCE; Schema: public; Owner: postgres
--

CREATE SEQUENCE public.django_migrations_id_seq
    AS integer
    START WITH 1
    INCREMENT BY 1
    NO MINVALUE
    NO MAXVALUE
    CACHE 1;


ALTER TABLE public.django_migrations_id_seq OWNER TO postgres;

--
-- Name: django_migrations_id_seq; Type: SEQUENCE OWNED BY; Schema: public; Owner: postgres
--

ALTER SEQUENCE public.django_migrations_id_seq OWNED BY public.django_migrations.id;


--
-- Name: django_session; Type: TABLE; Schema: public; Owner: postgres
--

CREATE TABLE public.django_session (
    session_key character varying(40) NOT NULL,
    session_data text NOT NULL,
    expire_date timestamp with time zone NOT NULL
);


ALTER TABLE public.django_session OWNER TO postgres;

--
-- Name: employees; Type: TABLE; Schema: public; Owner: postgres
--

CREATE TABLE public.employees (
    id_employee integer NOT NULL,
    nama character varying(125) NOT NULL,
    nrp character varying(10),
    jabatan character varying(45) NOT NULL,
    dept_code character varying(7) NOT NULL
);


ALTER TABLE public.employees OWNER TO postgres;

--
-- Name: material; Type: TABLE; Schema: public; Owner: postgres
--

CREATE TABLE public.material (
    material_code character varying(20) NOT NULL,
    material_name character varying(225) NOT NULL,
    code_vendor character varying(15) NOT NULL,
    created_at timestamp with time zone NOT NULL
);


ALTER TABLE public.material OWNER TO postgres;

--
-- Name: user; Type: TABLE; Schema: public; Owner: postgres
--

CREATE TABLE public."user" (
    id_user integer NOT NULL,
    nama_lengkap character varying(125) NOT NULL,
    username character varying(125) NOT NULL,
    email character varying(125) NOT NULL,
    role character varying(125) NOT NULL,
    password text NOT NULL,
    is_active boolean NOT NULL,
    created_at time with time zone NOT NULL,
    updated_at timestamp with time zone NOT NULL
);


ALTER TABLE public."user" OWNER TO postgres;

--
-- Name: vendor; Type: TABLE; Schema: public; Owner: postgres
--

CREATE TABLE public.vendor (
    code_vendor character varying(15) NOT NULL,
    vendor_name character varying(225) NOT NULL,
    created_at timestamp with time zone NOT NULL
);


ALTER TABLE public.vendor OWNER TO postgres;

--
-- Name: auth_group id; Type: DEFAULT; Schema: public; Owner: postgres
--

ALTER TABLE ONLY public.auth_group ALTER COLUMN id SET DEFAULT nextval('public.auth_group_id_seq'::regclass);


--
-- Name: auth_group_permissions id; Type: DEFAULT; Schema: public; Owner: postgres
--

ALTER TABLE ONLY public.auth_group_permissions ALTER COLUMN id SET DEFAULT nextval('public.auth_group_permissions_id_seq'::regclass);


--
-- Name: auth_permission id; Type: DEFAULT; Schema: public; Owner: postgres
--

ALTER TABLE ONLY public.auth_permission ALTER COLUMN id SET DEFAULT nextval('public.auth_permission_id_seq'::regclass);


--
-- Name: auth_user id; Type: DEFAULT; Schema: public; Owner: postgres
--

ALTER TABLE ONLY public.auth_user ALTER COLUMN id SET DEFAULT nextval('public.auth_user_id_seq'::regclass);


--
-- Name: auth_user_groups id; Type: DEFAULT; Schema: public; Owner: postgres
--

ALTER TABLE ONLY public.auth_user_groups ALTER COLUMN id SET DEFAULT nextval('public.auth_user_groups_id_seq'::regclass);


--
-- Name: auth_user_user_permissions id; Type: DEFAULT; Schema: public; Owner: postgres
--

ALTER TABLE ONLY public.auth_user_user_permissions ALTER COLUMN id SET DEFAULT nextval('public.auth_user_user_permissions_id_seq'::regclass);


--
-- Name: django_admin_log id; Type: DEFAULT; Schema: public; Owner: postgres
--

ALTER TABLE ONLY public.django_admin_log ALTER COLUMN id SET DEFAULT nextval('public.django_admin_log_id_seq'::regclass);


--
-- Name: django_content_type id; Type: DEFAULT; Schema: public; Owner: postgres
--

ALTER TABLE ONLY public.django_content_type ALTER COLUMN id SET DEFAULT nextval('public.django_content_type_id_seq'::regclass);


--
-- Name: django_migrations id; Type: DEFAULT; Schema: public; Owner: postgres
--

ALTER TABLE ONLY public.django_migrations ALTER COLUMN id SET DEFAULT nextval('public.django_migrations_id_seq'::regclass);


--
-- Data for Name: auth_group; Type: TABLE DATA; Schema: public; Owner: postgres
--

COPY public.auth_group (id, name) FROM stdin;
\.


--
-- Data for Name: auth_group_permissions; Type: TABLE DATA; Schema: public; Owner: postgres
--

COPY public.auth_group_permissions (id, group_id, permission_id) FROM stdin;
\.


--
-- Data for Name: auth_permission; Type: TABLE DATA; Schema: public; Owner: postgres
--

COPY public.auth_permission (id, name, content_type_id, codename) FROM stdin;
1	Can add log entry	1	add_logentry
2	Can change log entry	1	change_logentry
3	Can delete log entry	1	delete_logentry
4	Can view log entry	1	view_logentry
5	Can add permission	2	add_permission
6	Can change permission	2	change_permission
7	Can delete permission	2	delete_permission
8	Can view permission	2	view_permission
9	Can add group	3	add_group
10	Can change group	3	change_group
11	Can delete group	3	delete_group
12	Can view group	3	view_group
13	Can add user	4	add_user
14	Can change user	4	change_user
15	Can delete user	4	delete_user
16	Can view user	4	view_user
17	Can add content type	5	add_contenttype
18	Can change content type	5	change_contenttype
19	Can delete content type	5	delete_contenttype
20	Can view content type	5	view_contenttype
21	Can add session	6	add_session
22	Can change session	6	change_session
23	Can delete session	6	delete_session
24	Can view session	6	view_session
\.


--
-- Data for Name: auth_user; Type: TABLE DATA; Schema: public; Owner: postgres
--

COPY public.auth_user (id, password, last_login, is_superuser, username, first_name, last_name, email, is_staff, is_active, date_joined) FROM stdin;
\.


--
-- Data for Name: auth_user_groups; Type: TABLE DATA; Schema: public; Owner: postgres
--

COPY public.auth_user_groups (id, user_id, group_id) FROM stdin;
\.


--
-- Data for Name: auth_user_user_permissions; Type: TABLE DATA; Schema: public; Owner: postgres
--

COPY public.auth_user_user_permissions (id, user_id, permission_id) FROM stdin;
\.


--
-- Data for Name: customer; Type: TABLE DATA; Schema: public; Owner: postgres
--

COPY public.customer (id_customer, nama_customer) FROM stdin;
7	ADM
8	AVI
9	DNIA
10	AHM OP
11	FSCM
12	IAMI
13	TMMIN
14	SANENG
15	SKI
16	GEMITA
17	YUTAKA
18	YASUNLI
19	TGSSI
20	AHM-PC
1	AHM
\.


--
-- Data for Name: data_part; Type: TABLE DATA; Schema: public; Owner: postgres
--

COPY public.data_part (id_part, no_sap, safety_grade, nama_part, type, proses, id_customer) FROM stdin;
76	QI2PLA-GRAD59BK00	NON	COVER COMP RADIATOR K59A	K59A	PI	1
161	QS2FEN-GFNF59WH00	HA	FENDER FRONT K59A NH-341P WHITE	K59A	PT	1
162	QS2FEN-GFNF59BK00	HA	FENDER FRONT K59A NH-B12 AFINITY BLACK	K59A	PT	1
75	QI2SCO-GCSD56BK01	NON	COVER R SIDE K56F	K56F	PI	1
6	QI2LSG-GLUG59BK00	HA	BOX LUGGAGE SUB ASSY K59A	K59A	PI	1
23	QI2LIG-GBAS59BK00	HB	BASE LICENCE LIGHT K59A	K59A	PI	1
9	QI2LSG-GLUGWWBK00	HA	BOX LUGGAGE ASSY KWWX	KWWX	PI	1
1	QI2LSG-GGRB61BK00	HS	REAR GRAB RAIL ASSY K61A	K61A	PI	1
2	QI2LSG-GGRB81BK00	HS	RR GRAB RAIL K81A	K81A	PI	1
3	QI2LSG-GLUG59BK01	HA	BOX LUGGAGE SUB ASSY K59J	K59J	PI	1
4	QI2LSG-GLUG97BK00	HA	BOX LUGGAGE SET K97G	K97G	PI	1
5	QI2FEN-GFNR97BK00	HA	FENDER C RR K97F	K97G	PI	1
7	QI2LSG-GLUG81BK00	HA	BOX LUGGAGE SET K81A	K81A	PI	1
8	QI2LSG-GLUG93BK00	HA	BOX LUGGAGE ASSY K93A	K93A	PI	1
10	QI2FEN-GFNF59BK10	HA	FENDER FRONT K59J	K59J	PI	1
11	QI2FEN-GFNF56BK00	HA	FENDER A FRONT K56F	K56F	PI	1
12	QI2FEN-GFNF56BK03	HA	FENDER B FRONT K56F	K56F	PI	1
13	QI2FEN-GFNR56BK00	HA	FENDER REAR LOWER K56F	K56F	PI	1
14	QI2FEN-SFNF59BK00	HA	FENDER FRONT K59A	K59A	PI	1
15	QI2FEN-GFNR61BK00	HA	FENDER REAR K61A	K61A	PI	1
16	QI2FEN-GFNR81BK00	HA	FENDER REAR ASSY K81A	K81A	PI	1
17	QI2FEN-GFNF93BK00	HA	FENDER FRONT K93A	K93A	PI	1
18	QI2FEN-GFNR93BK00	HA	FENDER REAR ASSY K93A	K93A	PI	1
19	QI2HLC-GHOSNFBK00	HB	HOUSING THROUTLE UNDER ANF	ANF	PI	1
20	QI2HLC-GHOSNFBK01	HB	HOUSING THROUTLE UPPER ANF	ANF	PI	1
21	QI2HLC-GHOS44BK00	HB	HOUSING UNDER THROTLE K44F	K44F	PI	1
22	QI2HLC-GHOS44BK01	HB	HOUSING UPPER THROTLE K44F	K44F	PI	1
24	QI2PLA-GFAN59NT00	HB	FAN COMP COOLING K59A	K59A	PI	1
25	QI2PLA-GFAN60NT00	HB	FAN COMP COOLING K60A	K60A	PI	1
26	QI2CRN-GCCH60BK00	HB	COVER COMP HEAD SET K60R	K60R	PI	1
27	QI2SCO-GCWI64BK01	HB	INNER L MID COWL ASSY K64A	K64A	PI	1
28	QI2SCO-GCWI64BK00	HB	INNER R MID COWL ASSY K64A	K64A	PI	1
29	QI2HLC-GHOS66BK00	HB	HOUSING UNDER THROTLE K66	K66	PI	1
30	QI2HLC-GHOS66BK01	HB	HOUSING UPPER THROTLE K66	K66	PI	1
31	QI2PLA-GFAN60NT01	HB	FAN COMP COOLING 19510-K97F-T000	K97F	PI	1
32	QI2SCO-GCFL3SBK01	NON	COVER LH FRONT LOWER K03S	K03S	PI	1
33	QI2SCO-GCMP3SBK00	NON	COVER MAIN PIPE K03S	K03S	PI	1
34	QI2SCO-GCFL3SBK00	NON	COVER RH FRONT LOWER K03S	K03S	PI	1
35	QI2SCO-GCMP07BK02	NON	COVER MAIN PIPE SET K07A	K07A	PI	1
36	QI2CRN-GCRA15BK00	NON	COVER COMP L REAR K15A	K15A	PI	1
37	QI2CRN-GCRA15BK01	NON	COVER COMP L REAR K15G	K15G	PI	1
38	QI2HLC-GCHR15BK00	NON	COVER H/L REAR ASSY K15G	K15G	PI	1
39	QI2SCO-GCWL15BK01	NON	COWL L FRONT SET K15G	K15G	PI	1
40	QI2SCO-GCWL15BK03	NON	COWL L UNDER K15G	K15G	PI	1
41	QI2SCO-GCWL15BK00	NON	COWL R FRONT SET K15G	K15G	PI	1
42	QI2SCO-GCWL15BK02	NON	COWL R UNDER K15G	K15G	PI	1
43	QI2SCO-GSRD15BK01	NON	SHROUD L INNER K15G	K15G	PI	1
44	QI2SCO-GSRD15BK00	NON	SHROUD R INNER K15G	K15G	PI	1
45	QI2SCO-GCWL15BK06	NON	COWL R UNDER ASSY 6432B-K15M-H400-IN	K15M	PI	1
46	QI2SCO-GCWL15BK07	NON	COWL L UNDER ASSY 6431C-K15M-H400-IN	K15M	PI	1
47	QI2LIG-GCHL18BK00	NON	CASE HEAD LIGHT K18H	K18H	PI	1
48	QI2SCO-GCWL18BK00	NON	COWL R SIDE K18H	K18H	PI	1
49	QI2SCO-GCWL18BK01	NON	COWL L SIDE K18H	K18H	PI	1
50	QI2HLC-GCFL25BK01	NON	COVER FR LOWER ASSY 6430BK25900	K25A	PI	1
51	QI2SCO-GCFR1ABK01	NON	COVER LH FRONT K41A	K41A	PI	1
52	QI2SCO-GCBS1ABK01	NON	COVER LH SIDE K41A	K41A	PI	1
53	QI2SCO-GCFR1ABK00	NON	COVER RH FRONT K41A	K41A	PI	1
54	QI2SCO-GCBS1ABK00	NON	COVER RH SIDE K41A	K41A	PI	1
55	QI2CAI-GGUI44NT00	NON	GUIDE CAM CHAIN K44F	K44F	PI	1
56	QI2HLC-GCFT46BK00	NON	COVER FRONT TOP K46A	K46A	PI	1
57	QI2HLC-GCHF46BK00	NON	COVER HANDLE FRONT K46A	K46A	PI	1
58	QI2SCO-GCBO46BK01	NON	COVER LH BODY K46A	K46A	PI	1
59	QI2SCO-GCBS46BK01	NON	COVER LH BODY SIDE K46A	K46A	PI	1
60	QI2HLC-GCFR46BK01	NON	COVER LH FRONT K46A	K46A	PI	1
61	QI2SCO-GCBO46BK00	NON	COVER RH BODY K46A	K46A	PI	1
62	QI2SCO-GCBS46BK00	NON	COVER RH BODY SIDE K46A	K46A	PI	1
63	QI2HLC-GCFR46BK00	NON	COVER RH FRONT K46A	K46A	PI	1
64	QI2BAT-GLID46BK00	NON	LID BATTERY K46A	K46A	PI	1
65	QI2FOT-GFLO46BK00	NON	STEP FLOOR ASSY K46A	K46A	PI	1
66	QI2BAT-GLID46BK01	NON	LID BATTERY K46F	K46F	PI	1
67	QI2FOT-GFLO46BK01	NON	STEP FLOOR K46F	K46F	PI	1
68	QI2SCO-GCSU56BK01	NON	COVER L SIDE UPPER K56A	K56A	PI	1
69	QI2SCO-GCSU56BK00	NON	COVER R SIDE UPPER K56A	K56A	PI	1
70	QI2HLC-GCHF56BK00	NON	COVER HANDLE FRONT K56F	K56F	PI	1
71	QI2HLC-GCHT56BK00	NON	COVER HANDLE TOP LH K56F	K56F	PI	1
72	QI2HLC-GCHT56BK01	NON	COVER HANDLE TOP RH K56F	K56F	PI	1
73	QI2SCO-GCSD56BK00	NON	COVER L SIDE K56F	K56F	PI	1
74	QI2SCO-GCMP56BK00	NON	COVER MAIN PIPE REAR K56F	K56F	PI	1
77	QI2FOT-GFLO59BK01	NON	STEP FLOOR ASSY K59J	K59J	PI	1
78	QI2HLC-GGRN59BK01	NON	GARNISH FRONT SET K59J	K59J	PI	1
79	QI2HLC-GGRN59BK02	NON	GARNISH R FRONT SET K59J	K59J	PI	1
80	QI2HLC-GGRN59BK03	NON	GARNISH L FRONT SET K59J	K59J	PI	1
81	QI2SCO-GCBS59BK10	NON	COVER R BODY SIDE SET K59J	K59J	PI	1
82	QI2SCO-GCBS59BK11	NON	COVER L BODY SIDE SET K59J	K59J	PI	1
83	QI2BAT-GLID59BK01	NON	LID BATTERY K59J	K59J	PI	1
84	QI2SCO-GCUS60BK00	NON	COVER R UNDER SIDE SET K60R	K59J	PI	1
85	QI2SCO-GCUS60BK01	NON	COVER L UNDER SIDE SET K60R	K59J	PI	1
86	QI2HLC-GINR60BK00	NON	COV INNER LOWER ASSY 8114A-K60R	K59J	PI	1
87	QI2HLC-GCFL59BK00	NON	COVER FRONT LOWER ASSY K59J	K59J	PI	1
88	QI2LSG-GLUG59BK01	HA	BOX LUGGAGE SUB ASSY K59J	K59J	PI	1
89	QI2HLC-GCFR61BK00	NON	COVER FRONT K61A	K61A	PI	1
90	QI2HLC-GCFL61BK00	NON	COVER FRONT LOWER ASSY K61A	K61A	PI	1
91	QI2HLC-GINR61BK00	NON	COVER INNER K61A	K61A	PI	1
92	QI2SCO-GCBO61BK00	NON	COVER L BODY K61A	K61A	PI	1
93	QI2SCO-GCBO61BK01	NON	COVER R BODY K61A	K61A	PI	1
94	QI2OTH-GIGN61BK00	NON	GUARD IGN COIL K61A	K61A	PI	1
95	QI2BAT-GLID61BK00	NON	LID BATTERY K61A	K61A	PI	1
96	QI2HLC-GPKT61BK00	NON	POCKET INNER K61A	K61A	PI	1
97	QI2FOT-GFLO61BK00	NON	STEP FLOOR ASSY K61A	K61A	PI	1
98	QI2HLC-GCFR81BK00	NON	COVER FRONT K81A	K81A	PI	1
99	QI2HLC-GCFL81BK00	NON	COVER FRONT LOWER K81A	K81A	PI	1
100	QI2HLC-GCFT81BK00	NON	COVER FRONT TOP ASSY K81A	K81A	PI	1
101	QI2HLC-GINR81BK01	NON	COVER INNER LOWER ASSY K81A	K81A	PI	1
102	QI2HLC-GINR81BK00	NON	COVER INNER UPPER K81A	K81A	PI	1
103	QI2SCO-GCBO81BK00	NON	COVER L BODY K81A	K81A	PI	1
104	QI2SCO-GCBS81BK00	NON	COVER L BODY SIDE ASSY K81A	K81A	PI	1
105	QI2SCO-GCBO81BK01	NON	COVER R BODY K81A	K81A	PI	1
106	QI2SCO-GCBS81BK01	NON	COVER R BODY SIDE ASSY K81A	K81A	PI	1
107	QI2HLC-GCVR81BK00	NON	COVER UNDER K81A	K81A	PI	1
108	QI2BAT-GLID81BK00	NON	LID BATTERY K81A	K81A	PI	1
109	QI2FOT-GFLO81BK00	NON	STEP FLOOR ASSY K81A	K81A	PI	1
110	QI2CRN-GCRA84BK00	NON	COVER COMP L REAR K84A	K84A	PI	1
111	QI2SCO-GCBO93BK01	NON	COVER L BODY K93A	K93A	PI	1
112	QI2HLC-GLID93BK01	NON	LID L POCKET K93A	K93A	PI	1
113	QI2SPD-GCSP93BK00	NON	COVER B SPEEDOMETER K93A	K93A	PI	1
114	QI2HLC-GINR93BK00	NON	COVER INNER K93A	K93A	PI	1
115	QI2HLC-GCFT93BK00	NON	COVER FRONT TOP K93A	K93A	PI	1
116	QI2SCO-GCEN93BK01	NON	COVER REAR CENTER K93A	K93A	PI	1
117	QI2SCO-GCEN93BK00	NON	COVER CENTER K93A	K93A	PI	1
118	QI2HLC-GCFR93BK01	NON	COVER L FRONT K93A	K93A	PI	1
119	QI2HLC-GCFR93BK00	NON	COVER R FRONT K93A	K93A	PI	1
120	QI2HLC-GCVR93BK00	NON	COVER UNDER K93A ASSY	K93A	PI	1
121	QI2SCO-GCUS93BK01	NON	COVER UNDER L SIDE K93A	K93A	PI	1
122	QI2SCO-GCUS93BK00	NON	COVER UNDER R SIDE K93A	K93A	PI	1
123	QI2BAT-GLID93BK00	NON	LID BATTERY K93A MBNH-1	K93A	PI	1
124	QI2HLC-GLID93BK00	NON	LID INNER L POCKET ASSY K93A	K93A	PI	1
125	QI2HLC-GPKT93BK01	NON	POCKET L INNER K93A	K93A	PI	1
126	QI2HLC-GPKT93BK00	NON	POCKET R INNER K93A	K93A	PI	1
127	QI2FOT-GFLO93BK00	NON	STEP ASSY FLOOR K93A MBNH-1	K93A	PI	1
128	QI2FOT-GFLO97BK00	NON	STEP R FLOOR ASSY K97G	K97G	PI	1
129	QI2FOT-GFLO97BK01	NON	STEP L FLOOR ASSY K97G	K97G	PI	1
130	QI2PLA-GRADVBBK00	NON	COVER RADIATOR BLACK KVB	KVB	PI	1
131	QI2GAU-GOILVBBK00	NON	GAUGE OIL LEVEL KVB	KVB	PI	1
132	QI2GAU-GOILVYBK00	NON	GAUGE OIL ASSY LEVEL KVY	KVY	PI	1
133	QI2GAU-GOILWBBK00	NON	GAUGE OIL LEVEL KWBF	KWBF	PI	1
134	QI2GAU-GOILWCBK00	NON	GAUGE OIL ASSY LEVEL KWCA	KWCA	PI	1
135	QI2HLC-GCHRWWBK00	NON	COVER HANDLE REAR KWWF	KWWF	PI	1
136	QI2SCO-GCMPWWBK01	NON	COVER L MAIN PIPE SIDE ASSY KWWX ETCHING	KWWX	PI	1
137	QI2SCO-GCMPWWBK02	NON	COVER R MAIN PIPE SIDE ASSY KWWX ETCHING	KWWX	PI	1
138	QI2CAI-GCASYEBK00	NON	CASE DRIVE CHAIN KYEA	KYEA	PI	1
139	QI2SPD-GCSPYEBK00	NON	COVER METER A KYEA	KYEA	PI	1
140	QI2CRN-GCRAYZBK00	NON	COVER COMP L REAR KYZA	KYZA	PI	1
142	QI2ACL-GCVRZLBK00	NON	COVER DUCT SET L KZLG	KZLG	PI	1
145	QI2HLC-GCFR0WBK00	NON	COVER FR  UPPER 64336-K0WA-N005	K0WA	PI	1
146	QI2LSG-GLUG0WBK00	HA	BOX LUGGAGE SET 8125A-K0WA-N000-IN	K0WA	PI	1
147	\N	NON	COVER UNDER K0JA	K0JA	PI	1
148	\N	HB	FAN COMP COOLING K0JA	K0JA	PI	1
149	\N	NON	INSULATOR INLET PIPE K0JA	K0JA	PI	1
150	QS2FEN-GFNF07BK00	HA	FENDER A FRONT K07A NH-1 BLACK	K07A	PT	1
151	QS2FEN-GFNF07WH00	HA	FENDER A FRONT K07A NH-341 FAD WHITE	K07A	PT	1
152	QS2FEN-GFNF61WH00	HA	FENDER FRONT K61A NH-196 ROSS WHITE	K61A	PT	1
153	QS2FEN-GFNF61BK00	HA	FENDER FRONT K61A NH-1 BLACK	K61A	PT	1
154	QS2FEN-GFNF46WH01	HA	FENDER FRONT K46F NH-196 ROSS WHITE	K46F	PT	1
155	QS2FEN-GFNF46GY00	HA	FENDER FRONT K46F NH-303M AXIS GRAY	K46F	PT	1
156	QS2FEN-GFNF60WH00	HA	FENDER FR K60R NH-196 ROSS WHITE	K59J	PT	1
157	QS2FEN-GFNF47BK00	HA	FENDER A FRONT K47A NH-1 BLACK	K47A	PT	1
158	QS2FEN-GFNF47SV00	HA	FENDER A FRONT K47G NH-177 M VOS SILVER	K47G	PT	1
143	QI2SCO-GCWI64BK00	NON	INNER R MID COWL ASSY K64A	K64A	PI	1
144	QI2LSG-GLUG93BK00	HA	BOX LUGGAGE ASSY K93A	K93A	PI	1
141	QI2PLA-GINS81BK00	NON	INSULATOR INLET PIPE ASSY KZLG	KZLG	PI	1
159	QS2FEN-GCHF46WH00	HA	FENDER FRONT K46A NH-341P WHITE	K46A	PT	1
160	QS2FEN-GFNF46BK00	HA	FENDER FRONT K46A NH-1 BLACK	K46A	PT	1
163	QS2FEN-GFNF81WH00	HA	FENDER FRONT K81A NH-196 ROSS WHITE	K81A	PT	1
164	QS2FEN-GFNF81BK00	HA	FENDER FRONT K81A NH-1 BLACK	K81A	PT	1
165	QS2SCO-GFEN41BK00	HA	FENDER A FRONT K41 NH-1 BLACK	K41A	PT	1
166	QS2SCO-GFEN41BK01	HA	FENDER A FRONT K41 NH-436M BLACK MET	K41A	PT	1
167	QS2FEN-GFNFYZBK00	HA	FENDER A FRONT KYZ NH-B12 AFINITY BLACK	KYZA	PT	1
168	QS2ACL-GCVR07SV00	NON	COVER A/C OUTLET K07A NH131 STAR SILVER	K07A	PT	1
169	QS2ACL-GCVR07OR00	NON	COVER A/C OUTLET K07A YR294 BLITZ ORANGE	K07A	PT	1
170	QS2HLC-GCFT07BK00	NON	COVER FRONT TOP K07A NH-1 BLACK	K07A	PT	1
171	QS2HLC-GCFT07SV00	NON	COVER FRONT TOP K07A NH-131 STAR SILVER	K07A	PT	1
172	QS2HLC-GCFT07WH00	NON	COVER FRONT TOP K07A NH-341 FAD WHITE	K07A	PT	1
173	QS2SCO-GCBO07BK01	NON	COVER L BODY K07A NH-1 BLACK	K07A	PT	1
174	QS2SCO-GCBO07BK04	NON	COVER L BODY K07A NH-B12 BLACK MET	K07A	PT	1
175	QS2SCO-GCMP07SV01	NON	COVER L M/P SIDE K07A NH131 STAR SILVER	K07A	PT	1
176	QS2SCO-GCMP07WH01	NON	COVER L M/P SIDE K07A NH-341 FAD WHITE	K07A	PT	1
177	QS2SCO-GCBO07BK00	NON	COVER R BODY K07A NH-1 BLACK	K07A	PT	1
178	QS2SCO-GCBO07BK03	NON	COVER R BODY K07A NH-B12 BLACK MET	K07A	PT	1
179	QS2SCO-GCMP07SV00	NON	COVER R M/P SIDE K07A NH131 STAR SILVER	K07A	PT	1
180	QS2SCO-GCMP07WH00	NON	COVER R M/P SIDE K07A NH-341 FAD WHITE	K07A	PT	1
181	QS2SPD-GCSP07SV00	NON	COVER SPEEDOMETER K07A NH131 STAR SILVER	K07A	PT	1
182	QS2SCO-GCTL07BK00	NON	COVER TAIL K07A NH-1 BLACK	K07A	PT	1
183	QS2SCO-GCTL07BK01	NON	COVER TAIL K07A NH-B12 BLACK MET	K07A	PT	1
184	QS2HLC-GCHN07BK01	NON	CVR L HANDLE TOP K07A NH-B12 BLACK MET	K07A	PT	1
185	QS2HLC-GCHN07OR01	NON	CVR L HANDLE TOP K07A YR294 BLITZ ORANGE	K07A	PT	1
186	QS2HLC-GCHN07BK00	NON	CVR R HANDLE TOP K07A NH-B12 BLACK MET	K07A	PT	1
187	QS2HLC-GCHN07OR00	NON	CVR R HANDLE TOP K07A YR294 BLITZ ORANGE	K07A	PT	1
188	QS2SCO-GLEG07BK01	NON	SHIELD LH LEG K07A NH-1 BLACK	K07A	PT	1
189	QS2SCO-GLEG07BK03	NON	SHIELD LH LEG K07A NH-B12 BLACK MET	K07A	PT	1
190	QS2SCO-GLEG07BK00	NON	SHIELD RH LEG K07A NH-1 BLACK	K07A	PT	1
191	QS2SCO-GLEG07BK02	NON	SHIELD RH LEG K07A NH-B12 BLACK MET	K07A	PT	1
192	QS2SCO-GCMP07BK01	NON	COVER L M/P SIDE K07J NH-B12 BLACK MET	K07A	PT	1
193	QS2SCO-GCMP07BK00	NON	COVER R M/P SIDE K07J NH-B12 BLACK MET	K07A	PT	1
194	QS2SCO-GLEG07WH01	NON	SHIELD LH LEG K07J NH-341 FAD WHITE	K07A	PT	1
195	QS2SCO-GLEG07WH00	NON	SHIELD RH LEG K07J NH-341 FAD WHITE	K07A	PT	1
196	QS2HLC-GCFR61WH00	NON	COVER FRONT K61A NH-196 ROSS WHITE	K61A	PT	1
197	QS2HLC-GCHF61WH00	NON	COVER HANDLE FRONT K61A NH-196 ROSS WHT	K61A	PT	1
198	QS2SCO-GCBO61WH00	NON	COVER L BODY K61A NH-196 ROSS WHITE	K61A	PT	1
199	QS2SCO-GCBO61WH01	NON	COVER R BODY K61A NH-196 ROSS WHITE	K61A	PT	1
200	QS2HLC-GCFR61BK00	NON	COVER FRONT K61A NH-1 BLACK	K61A	PT	1
201	QS2HLC-GCHF61BK00	NON	COVER HANDLE FRONT K61A NH-1 BLACK	K61A	PT	1
202	QS2SCO-GCBO61BK00	NON	COVER L BODY K61A NH-1 BLACK	K61A	PT	1
203	QS2SCO-GCBO61BK01	NON	COVER R BODY K61A NH-1 BLACK	K61A	PT	1
204	QS2HLC-GCFR61MG00	NON	COVER FRONT K61A RP-195C MAGENTA	K61A	PT	1
205	QS2HLC-GCHF61MG00	NON	COVER HANDLE FRONT K61A RP-195C MAGENTA	K61A	PT	1
206	QS2HLC-GCFT46WH01	NON	COVER FRONT TOP K46F NH-196 ROSS WHITE	K46F	PT	1
207	QS2HLC-GCFT46GY00	NON	COVER FRONT TOP K46F NH-303M AXIS GRAY	K46F	PT	1
208	QS2HLC-GCHF46WH01	NON	COVER HANDLE FRONT K46F NH-196 ROSS WHT	K46F	PT	1
209	QS2HLC-GCHF46GY00	NON	COVER HANDLE FRONT K46F NH-303M GRAY	K46F	PT	1
210	QS2HLC-GCHT46BK00	NON	COVER HANDLE TOP K46F NH-1 BLACK	K46F	PT	1
211	QS2HLC-GCHT46GY00	NON	COVER HANDLE TOP K46F NH-303M AXIS GRAY	K46F	PT	1
212	QS2SCO-GCBO46WH03	NON	COVER LH BODY K46F NH-196 ROSS WHITE	K46F	PT	1
213	QS2SCO-GCBO46GY01	NON	COVER LH BODY K46F NH-303M AXIS GRAY	K46F	PT	1
214	QS2HLC-GCFR46WH03	NON	COVER LH FRONT K46F NH-196 ROSS WHITE	K46F	PT	1
215	QS2HLC-GCFR46GY01	NON	COVER LH FRONT K46F NH-303M AXIS GRAY	K46F	PT	1
216	QS2SCO-GCBO46WH02	NON	COVER RH BODY K46F NH-196 ROSS WHITE	K46F	PT	1
217	QS2SCO-GCBO46GY00	NON	COVER RH BODY K46F NH-303M AXIS GRAY	K46F	PT	1
218	QS2HLC-GCFR46WH02	NON	COVER RH FRONT K46F NH-196 ROSS WHITE	K46F	PT	1
219	QS2HLC-GCFR46GY00	NON	COVER RH FRONT K46F NH-303M AXIS GRAY	K46F	PT	1
220	QS2SCO-GCEN46WH02	NON	COVER RR CENTER K46F NH-196 ROSS WHITE	K46F	PT	1
221	QS2SCO-GCEN46GY00	NON	COVER RR CENTER K46F NH-303M AXIS GRAY	K46F	PT	1
222	QS2SCO-GCEN46WH03	NON	COVER RR CENTER LWR K46F NH-196 ROSS WHT	K46F	PT	1
223	QS2SCO-GCEN46GY01	NON	COVER RR CENTER LWR K46F NH-303M GRAY	K46F	PT	1
224	QS2HLC-GCFT60BK00	NON	COVER FR TOP K60R NH-1 BLACK	K59J	PT	1
225	QS2HLC-GCHF60BK00	NON	COVER HANDLE FRONT K60R NH-1 BLACK	K59J	PT	1
226	QS2HLC-GRAK60BK00	NON	COVER RACK K60R NH-1 BLACK	K59J	PT	1
227	QS2SCO-GCEN60BK00	NON	COVER RR CENTER K60R NH-1 BLACK	K59J	PT	1
228	QS2SCO-GCFR60WH01	NON	COVER L FRONT K60R NH-196 ROSS WHITE	K59J	PT	1
229	QS2SCO-GCFR60WH00	NON	COVER R FRONT K60R NH-196 ROSS WHITE	K59J	PT	1
230	QS2HLC-GCFR60WH00	NON	COVER FRONT K60R NH-196 ROSS WHITE	K59J	PT	1
231	QS2SCO-GCBO60WH03	NON	COVER L BODY K60R NH-196 ROSS WHITE	K59J	PT	1
232	QS2SCO-GCBO60WH02	NON	COVER R BODY K60R NH-196 ROSS WHITE	K59J	PT	1
233	QS2HLC-GCHF60WH00	NON	CVR HANDLE FR TOP K60R NH-196 ROSS WHITE	K59J	PT	1
234	QS2ACL-GCVR47OR00	NON	COVER A/C OUTLET K47A YR-271 NIT ORANGE	K47A	PT	1
235	QS2HLC-GCFT47BK00	NON	COVER FRONT TOP K47A NH-1 BLACK	K47A	PT	1
236	QS2HLC-GCHN47OR00	NON	CVR R HANDLE TOP K47A YR-271 NIT ORANGE	K47A	PT	1
237	QS2HLC-GCHN47OR01	NON	CVR L HANDLE TOP K47A YR-271 NIT ORANGE	K47A	PT	1
238	QS2HLC-GCHN47WH00	NON	CVR R HANDLE TOP K47A NH-196 ROSS WHITE	K47A	PT	1
239	QS2HLC-GCHN47WH01	NON	CVR L HANDLE TOP K47A NH-196 ROSS WHITE	K47A	PT	1
240	QS2SCO-GCBO47BK00	NON	COVER R BODY K47A NH-1 BLACK	K47A	PT	1
241	QS2SCO-GCBO47BK01	NON	COVER L BODY K47A NH-1 BLACK	K47A	PT	1
242	QS2SCO-GCMP47SV00	NON	COVER R M/P SIDE K47A NH-177M VOS SILVER	K47A	PT	1
243	QS2SCO-GCMP47SV01	NON	COVER L M/P SIDE K47A NH-177M VOS SILVER	K47A	PT	1
244	QS2SCO-GCMP47WH00	NON	COVER R M/P SIDE K47A NH-196 ROSS WHITE	K47A	PT	1
245	QS2SCO-GCMP47WH01	NON	COVER L M/P SIDE K47A NH-196 ROSS WHITE	K47A	PT	1
246	QS2SCO-GCTL47BK00	NON	COVER TAIL K47A NH-1 BLACK	K47A	PT	1
247	QS2SCO-GLEG47BK00	NON	SHIELD RH LEG K47A NH-1 BLACK	K47A	PT	1
248	QS2SCO-GLEG47BK01	NON	SHIELD LH LEG K47A NH-1 BLACK	K47A	PT	1
249	QS2SCO-GLEG47OR00	NON	SHIELD RH LEG K47A YR-271 NITRIC ORANGE	K47A	PT	1
250	QS2SCO-GLEG47OR01	NON	SHIELD LH LEG K47A YR-271 NITRIC ORANGE	K47A	PT	1
251	QS2SCO-GLEG47WH00	NON	SHIELD RH LEG K47A NH-196 ROSS WHITE	K47A	PT	1
252	QS2SCO-GLEG47WH01	NON	SHIELD LH LEG K47A NH-196 ROSS WHITE	K47A	PT	1
253	QS2SPD-GCSP47SV00	NON	COVER SPEEDOMETER K47A NH131 STAR SILVER	K47A	PT	1
254	QS2ACL-GCVR47SV00	NON	COVER A/C OUTLET K47G NH-177M VOS SILVER	K47G	PT	1
255	QS2HLC-GCHN47BK00	NON	CVR L HANDLE TOP K47G NH-1 BLACK	K47G	PT	1
256	QS2HLC-GCHN47BK01	NON	CVR R HANDLE TOP K47G NH-1 BLACK	K47G	PT	1
257	QS2HLC-GCFR46BK00	NON	COVER RH FRONT K46A NH-1 BLACK	K46A	PT	1
258	QS2HLC-GCFR46BK01	NON	COVER LH FRONT K46A NH-1 BLACK	K46A	PT	1
259	QS2HLC-GCFR46WH00	NON	COVER RH FRONT K46A NH-341P WHITE	K46A	PT	1
260	QS2HLC-GCFR46WH01	NON	COVER LH FRONT K46A NH-341P WHITE	K46A	PT	1
261	QS2HLC-GCFT46BK00	NON	COVER FRONT TOP K46A NH-1 BLACK	K46A	PT	1
262	QS2HLC-GCFT46WH00	NON	COVER FRONT TOP K46A NH-341P WHITE	K46A	PT	1
263	QS2HLC-GCHF46BK00	NON	COVER HANDLE FRONT K46A NH-1 BLACK	K46A	PT	1
264	QS2HLC-GCHF46WH00	NON	COVER HANDLE FRONT K46A NH-341P WHITE	K46A	PT	1
265	QS2SCO-GCBO46BK00	NON	COVER RH BODY K46A NH-1 BLACK	K46A	PT	1
266	QS2SCO-GCBO46BK01	NON	COVER LH BODY K46A NH-1 BLACK	K46A	PT	1
267	QS2SCO-GCBO46WH00	NON	COVER RH BODY K46A NH-341P WHITE	K46A	PT	1
268	QS2SCO-GCBO46WH01	NON	COVER LH BODY K46A NH-341P WHITE	K46A	PT	1
269	QS2SCO-GCEN46BK00	NON	COVER RR CENTER K46A NH-1 BLACK	K46A	PT	1
270	QS2SCO-GCEN46BK01	NON	COVER RR CENTER LOWER K46A NH-1 BLACK	K46A	PT	1
271	QS2SCO-GCEN46WH00	NON	COVER RR CENTER K46A NH-341P WHITE	K46A	PT	1
272	QS2SCO-GCEN46WH01	NON	COVER RR CENTER LOWER K46A NH-341P WHITE	K46A	PT	1
273	QS2SPD-GCSP46SV00	NON	COVER SPEEDOMETER K46A NH-A30M SILVER	K46A	PT	1
274	QS2MUF-GPRT84SV00	NON	PROT MUFFLER K84A NH-141M CYCLON SILVER	K84A	PT	1
275	QS2HLC-GCFR81WH00	NON	COVER FRONT K81A NH-196 ROSS WHITE	K81A	PT	1
276	QS2HLC-GCHF81WH00	NON	COVER HANDLE FRONT K81A NH-196 ROSS WHT	K81A	PT	1
277	QS2SCO-GCBO81WH01	NON	COVER LH BODY K81A NH-196 ROSS WHITE	K81A	PT	1
278	QS2SCO-GCBO81WH00	NON	COVER RH BODY K81A NH-196 ROSS WHITE	K81A	PT	1
279	QS2SPD-GCSP81BK00	NON	COVER SPEEDO METER K81A NH-1 BLACK	K81A	PT	1
280	QS2HLC-GCFR81BK00	NON	COVER FRONT K81A NH-1 BLACK	K81A	PT	1
281	QS2HLC-GCHF81BK00	NON	COVER HANDLE FRONT K81A NH-1 BLACK	K81A	PT	1
282	QS2SCO-GCBO81BK01	NON	COVER LH BODY K81A NH-1 BLACK	K81A	PT	1
283	QS2SCO-GCBO81BK00	NON	COVER RH BODY K81A NH-1 BLACK	K81A	PT	1
284	QS2SCO-GCBO41BK01	NON	COVER LH BODY K41 NH-1 BLACK	K41A	PT	1
285	QS2SCO-GCBS41SV01	NON	COVER LH SIDE K41 NH-177 VOSTOC SILVER	K41A	PT	1
286	QS2SCO-GCMP41BK00	NON	COVER MAIN PIPE CENTER K41 NH-1 BLACK	K41A	PT	1
287	QS2SCO-GCBO41BK00	NON	COVER RH BODY K41 NH-1 BLACK	K41A	PT	1
288	QS2SCO-GCBS41SV00	NON	COVER RH SIDE K41 NH-177 VOSTOC SILVER	K41A	PT	1
289	QS2SCO-GCTL41BK00	NON	COVER TAIL K41 NH-1 BLACK	K41A	PT	1
290	QS2SCO-GCBO41BK03	NON	COVER LH BODY K41 NH-436M BLACK MET	K41A	PT	1
291	QS2SCO-GCFR41BK03	NON	COVER LH FRONT K41 NH-436M BLACK MET	K41A	PT	1
292	QS2SCO-GCBO41BK02	NON	COVER RH BODY K41 NH-436M BLACK MET	K41A	PT	1
293	QS2SCO-GCFR41BK02	NON	COVER RH FRONT K41 NH-436M BLACK MET	K41A	PT	1
294	QS2SCO-GCBS41BK02	NON	COVER RH SIDE K41 NH-436M BLACK MET	K41A	PT	1
295	QS2SCO-GCTL41BK01	NON	COVER TAIL K41 NH-436M BLACK MET	K41A	PT	1
296	QS2SCO-GCMPYZBK02	NON	COV LH SIDE M/P KYZ NH-B12 AFINITY BLACK	KYZA	PT	1
297	QS2SCO-GCMPYZBK01	NON	COV RH SIDE M/P KYZ NH-B12 AFINITY BLACK	KYZA	PT	1
298	QS2HLC-GCFTYZBK00	NON	COVER FR TOP KYZ NH-B12 AFINITY BLACK	KYZA	PT	1
299	QS2SCO-GCBOYZBK01	NON	COVER L BODY KYZ NH-B12 AFINITY BLACK	KYZA	PT	1
300	QS2SCO-GCBOYZBK00	NON	COVER R BODY KYZ NH-B12 AFINITY BLACK	KYZA	PT	1
301	QS2SCO-GCMPYZBK00	NON	COVER M/P LOWER KYZ NH-B12 AFINITY BLACK	KYZA	PT	1
302	QS2SCO-GCTLYZBK00	NON	COVER TAIL KYZ NH-B12 AFINITY BLACK	KYZA	PT	1
303	QS2SCO-GCBO60BR01	NON	COVER L BODY K60V YR-342M JASPER BR MET	K60V	PT	1
304	QS2FEN-GFNF60BR00	HA	FENDER FR K60V YR-342M JASPER BR MET	K60V	PT	1
305	QS2HLC-GCFR60BR00	NON	COVER FRONT K60V YR-342M JASPER BR MET	K60V	PT	1
306	QS2SCO-GCFR60BR01	NON	COVER L FRONT K60V YR-342M JASPER BR MET	K60V	PT	1
307	QS2LSG-GGRP0WBK00	HS	GRIP R RR K0WA NH-436 MET GUN POWDER MET	K0WA	PT	1
308	QS2LSG-GGRP0WBK01	HS	GRIP L RR K0WA NH-436 MET GUN POWDER MET	K0WA	PT	1
309	\N	HB	SEAT COMP DOUBLE K0WA	K0WA	SB	1
310	QT2SEA-GSBA0JBK01	HB	SEAT COMP DOUBLE K0JA TYPE 1	K0JA	SB	1
311	QT2SEA-GSBA03BK00	HB	SEAT COMP DOUBLE K03S	K03S	SB	1
312	QT2SEA-GASY1ABK00	HB	SEAT ASSY DOUBLE K41A	K41A	SB	1
313	QT2SEA-GSBA46BK00	HB	SEAT COMP DOUBLE K46A	K46A	SB	1
314	QT2SEA-GSBA59BK00	HB	SEAT COMP DOUBLE K59A	K59A	SB	1
315	QT2SEA-GSBA61BK00	HB	SEAT COMP DOUBLE K61A	K61A	SB	1
316	QT2SEA-GSBA97BK00	HB	SEAT COMP DOUBLE K97G TYPE 1	K97G	SB	1
317	QT2SEA-GSBA59BK01	HB	SEAT COMP DOUBLE K59J	K59J	SB	1
318	QT2SEA-GSBAYZBK00	HB	SEAT COMP DOUBLE KYZA	KYZA	SB	1
319	QT2SEA-GSBA81BK01	HB	SEAT COMP DOUBLE K81A	K81A	SB	1
320	QT2SEA-GSBAZLNT00	HB	SEAT COMP DOUBLE KZLG	KZLG	SB	1
321	QT2SEA-GSBA93BK00	HB	SEAT COMP DOUBLE K93A TYPE 1	K93A	SB	1
322	QT2SEA-GSBA93BR00	HB	SEAT COMP DOUBLE K93A TYPE 2	K93A	SB	1
323	QI4STW-GCSLG17870	#N/A	COVER STEERING LOWER GS131-17870	1787	PI	19
324	QI4STW-GCSW80BK00	#N/A	CVR STEERING WHEEL LOWER GS131-17880 5PK	1788	PI	19
325	QI4STW-GCSWG17830	#N/A	COVER STEERING WHEEL LOWER GS131-17830	1783	PI	19
326	QS2SCO-GCBO60BR00	NON	COVER R BODY K60V YR-342M JASPER BR MET	K60V	PT	1
327	QS2SCO-GCFR60BR00	NON	COVER R FRONT K60V YR-342M JASPER BR MET	K60V	PT	1
328	QB2MRR-GASY56BK01	NON	MIRROR ASSY LH BACK K56A	K56A	BM	1
329	QB2MRR-GANTZLBK01	NON	MIRROR ASSY LH BACK KZLG	KZLG	BM	20
330	QB2MRR-GANTZRBK01	NON	MIRROR ASSY LH BACK KZRA	KZRA	BM	20
333	QI2HLC-GCFR58BK00	NON	COVER FRONT K58L	K58L	PI	1
334	QI2HLC-GCFT90BK00	NON	COVER FRONT TOP K58L	K58L	PI	1
335	QI2FEN-GFNR1ABK00	NON	FENDER REAR ASSY K1AA	K1AA	PI	1
336	QI2FEN-GFNR1ABK00	HA	FENDER REAR ASSY K1AA	K1AA	PI	1
337	QI2LSG-GGRB1ABK00	HS	RR GRAB RAIL K1AA	K1AA	PI	1
338	QI2LSG-GLUG1ABK00	HA	BOX LUGGAGE ASSY K1AA	K1AA	PI	1
339	QT2SEA-GSBA1ABK00	HB	SEAT COMP DOUBLE K1AA	K1AA	PI	1
340	QB2MRR-GASY1ABK00	HB	MIRROR ASSY RH BACK K1AA	K1AA	PI	1
341	QB2MRR-GASY1ABK01	HB	MIRROR ASSY LH BACK K1AA	K1AA	PI	1
342	QI2CAI-GGUI1ANT00	HB	GUIDE CAM CHAIN K1AA	K1AA	PI	1
343	QI2FOT-GFLO1ABK00	NON	STEP ASSY FLOOR K1AA	K1AA	PI	1
344	QI2HLC-GCFT1ABK00	NON	COVER FR TOP ASSY K1AA	K1AA	PI	1
345	QI2SCO-GCBS1ABK02	NON	COVER R BODY SIDE ASSY K1AA	K1AA	PI	1
346	QI2SCO-GCBS1ABK03	NON	COVER L BODY SIDE ASSY K1AA	K1AA	PI	1
347	QI2HLC-GCVR1ABK00	NON	COVER UNDER K1AA	K1AA	PI	1
\.


--
-- Data for Name: departemen; Type: TABLE DATA; Schema: public; Owner: postgres
--

COPY public.departemen (dept_code, dept_name, created_at) FROM stdin;
DEPT001	PRESIDEN DIREKTUR	2020-07-03 13:37:19.968726+07
DEPT002	DIREKTUR	2020-07-03 13:38:03.38221+07
DEPT003	DIVISION HEAD PLANT	2020-07-03 13:39:13.370213+07
DEPT004	NEW PRODUCT DEVELOPMENT	2020-07-03 13:40:19.387989+07
DEPT005	PPIC	2020-07-03 13:41:40.731641+07
DEPT006	FIN & ACCOUNTING	2020-07-03 13:42:27.333307+07
DEPT007	QUALITY ASSURANCE	2020-07-03 13:53:44.341029+07
DEPT008	MOLD SHOP	2020-07-03 13:53:44.341029+07
DEPT009	INDUSTRY 4.0	2020-07-03 13:53:44.341029+07
DEPT010	INCOMING	2020-07-03 13:53:44.341029+07
DEPT011	PRODUCTION PLANT 1	2020-07-03 13:53:44.341029+07
DEPT012	PRODUCTION PLANT 2	2020-07-03 13:53:44.341029+07
DEPT013	IR & EHS	2020-07-03 13:53:44.341029+07
DEPT014	PROCUREMENT	2020-07-03 13:53:44.341029+07
DEPT015	HRD-GA	2020-07-03 13:53:44.341029+07
DEPT016	SPAREPART & SARANA	2020-07-03 13:53:44.341029+07
DEPT017	PLANT ENGINEERING	2020-07-03 13:53:44.341029+07
DEPT018	PROCESS ENGINEERING	2020-07-03 13:53:44.341029+07
DEPT019	PDCA	2020-07-03 13:53:44.341029+07
DEPT020	MARKETING	2020-07-03 13:53:44.341029+07
DEPT021	IMPROVEMENT & MANAGEMENT	2020-07-03 13:53:44.341029+07
DEPT022	DIVISION HEAD BUSINESS DEV	2020-07-03 13:57:06.965619+07
DEPT024	PROPAC	2020-07-03 13:57:06.965619+07
DEPT025	DRIVER	2020-07-03 13:57:06.965619+07
\.


--
-- Data for Name: django_admin_log; Type: TABLE DATA; Schema: public; Owner: postgres
--

COPY public.django_admin_log (id, action_time, object_id, object_repr, action_flag, change_message, content_type_id, user_id) FROM stdin;
\.


--
-- Data for Name: django_content_type; Type: TABLE DATA; Schema: public; Owner: postgres
--

COPY public.django_content_type (id, app_label, model) FROM stdin;
1	admin	logentry
2	auth	permission
3	auth	group
4	auth	user
5	contenttypes	contenttype
6	sessions	session
\.


--
-- Data for Name: django_migrations; Type: TABLE DATA; Schema: public; Owner: postgres
--

COPY public.django_migrations (id, app, name, applied) FROM stdin;
1	contenttypes	0001_initial	2020-06-25 20:08:46.702042+07
2	auth	0001_initial	2020-06-25 20:08:46.810048+07
3	admin	0001_initial	2020-06-25 20:08:46.973057+07
4	admin	0002_logentry_remove_auto_add	2020-06-25 20:08:47.049061+07
5	admin	0003_logentry_add_action_flag_choices	2020-06-25 20:08:47.068062+07
6	contenttypes	0002_remove_content_type_name	2020-06-25 20:08:47.113065+07
7	auth	0002_alter_permission_name_max_length	2020-06-25 20:08:47.125066+07
8	auth	0003_alter_user_email_max_length	2020-06-25 20:08:47.143067+07
9	auth	0004_alter_user_username_opts	2020-06-25 20:08:47.169068+07
10	auth	0005_alter_user_last_login_null	2020-06-25 20:08:47.188069+07
11	auth	0006_require_contenttypes_0002	2020-06-25 20:08:47.19407+07
12	auth	0007_alter_validators_add_error_messages	2020-06-25 20:08:47.214071+07
13	auth	0008_alter_user_username_max_length	2020-06-25 20:08:47.249073+07
14	auth	0009_alter_user_last_name_max_length	2020-06-25 20:08:47.270074+07
15	auth	0010_alter_group_name_max_length	2020-06-25 20:08:47.296075+07
16	auth	0011_update_proxy_permissions	2020-06-25 20:08:47.315077+07
17	sessions	0001_initial	2020-06-25 20:08:47.335078+07
\.


--
-- Data for Name: django_session; Type: TABLE DATA; Schema: public; Owner: postgres
--

COPY public.django_session (session_key, session_data, expire_date) FROM stdin;
\.


--
-- Data for Name: employees; Type: TABLE DATA; Schema: public; Owner: postgres
--

COPY public.employees (id_employee, nama, nrp, jabatan, dept_code) FROM stdin;
1043	LINOVRI ARMEZA PRATAMA	4398	SUPERVISOR AUTOMATION & INDUSTRY 4.0	DEPT009
92	PRAZTOWO HARYANTO	0183	STAFF INDUSTRI 4.0	DEPT009
1062	ADHIMAS MUHAMAD RIANTO	4423	OPERATOR FG PI	DEPT005
1	PRIHATANTO AGUNG LESMONO	0007	PRESIDEN DIREKTUR	DEPT001
2	BUGIE WIBOWO KOESMAN	0008	DIREKTUR	DEPT002
3	YUVIE INDRAWIDYASTUTI	0009	DIREKTUR	DEPT002
4	DJATMIKO DWI SETIJAWAN	0010	DIVISION HEAD PLANT	DEPT003
5	LIAN TOHAR	0013	DEPT HEAD NEW PRODUCT DEVELOPMENT	DEPT004
6	DWI HARTONO	0014	SECT. HEAD WH RM, INCOMING,PROJECT & MRP	DEPT005
7	GANNET HERLAMBANG WAHYUDHA	0015	DEPT. HEAD QUALITY ASSURANCE	DEPT007
8	RISMAN NURYADIN	0016	DEPT HEAD PRODUCTION PLANT 1	DEPT011
9	RONY TJAHYO N.	0017	DEPT HEAD PRODUCTION 2	DEPT012
10	WAHYUDI	0018	DEPT HEAD MOLD SHOP	DEPT008
11	TEGAR DWIKY ALFAREZ	0022	OPERATOR QC SB	DEPT007
12	GHIREZA YOGA RIFLISYA	0023	OPERATOR PAINTING	DEPT011
13	SUJANA HERMAWAN	0024	LEADER PAINTING	DEPT011
14	SUPARDI	0025	LEADER PAINTING	DEPT011
15	MOCHLISON	0026	OPERATOR EHS	DEPT013
16	AKHMAD MUKHRIDIN	0027	LEADER PAINTING	DEPT011
17	ADE SAPUTRA	0028	OPERATOR PLASTIC INJECTION	DEPT011
18	RISWANDI HIDAYAT	0029	OPERATOR PAINTING	DEPT011
19	AKBAR BOYDILAH	0030	OPERATOR WH FG PI	DEPT005
20	MOHAMAD MANHURI	0031	OPERATOR PAINTING	DEPT011
21	BUDI BASTAM	0032	OPERATOR PAINTING	DEPT011
22	ADE DWINATA	0033	OPERATOR REAR VIEW	DEPT011
23	SOBARI	0034	LEADER PAINTING	DEPT011
24	NUR BAGUS HARYO	0036	LEADER REAR VIEW	DEPT011
25	ARIFIN	0037	LEADER PAINTING	DEPT011
26	MUHAMMAD ALFA RABI	0038	OPERATOR PLASTIC INJECTION	DEPT011
27	AJI WICAKSONO	0039	OPERATOR PAINTING	DEPT011
28	HASANUDIN	0047	OPERATOR PLASTIC INJECTION	DEPT011
29	MUHAMAD ZAELANI	0052	OPERATOR PLASTIC INJECTION	DEPT011
30	ACHMAD MUCHLASH MARIYONO	0053	OPERATOR PLASTIC INJECTION	DEPT011
31	MUHAMAD RAHMAT	0054	OPERATOR QC PI	DEPT007
32	TEGUH SUGITO	0055	LEADER PLASTIC INJECTION	DEPT011
33	ABDUL AZIZ	0057	OPERATOR PLASTIC INJECTION	DEPT011
34	ARDI SANTOSA	0058	OPERATOR MOLDSHOP PI	DEPT008
35	ALFIAN ARDHA ARIESTA PERMANA	0059	OPERATOR PLASTIC INJECTION	DEPT011
36	AHMAD RADITYA	0062	LEADER PLASTIC INJECTION	DEPT011
37	FERDIYANTO	0065	OPERATOR MOLDSHOP PREPARATION	DEPT008
38	RUDI MATNUH	0066	LEADER QC PI	DEPT007
39	WINI RAHAYU	0067	ADMIN PURCHASING	DEPT014
40	HENDI BANGUN SIMANJUNTAK	0073	LEADER MOLDSHOP PREPARATION	DEPT008
41	DICKY SULAEMAN	0074	OPERATOR MOLDSHOP PREPARATION	DEPT008
42	SOEPYANDI	0076	OPERATOR PLASTIC INJECTION	DEPT011
43	ARLAN AZHARI	0078	OPERATOR PLASTIC INJECTION	DEPT011
44	HAMIM	0079	OPERATOR PLASTIC INJECTION	DEPT011
45	YONI WAHYU AGUSTINA	0083	OPERATOR PLASTIC INJECTION	DEPT011
46	MUHAMMAD HARUN	0085	OPERATOR PLASTIC INJECTION	DEPT011
47	SYARIF HIDAYAT	0086	OPERATOR PLASTIC INJECTION	DEPT011
48	NURUL ULFA FADILLA	0090	ADMIN HR	DEPT015
49	SAEPUL ROHMAN	0092	LEADER PLASTIC INJECTION	DEPT011
50	RINA YULI RAHMAWATI	0093	ADMIN FINANCE	DEPT006
51	ANDRI WIJAYA	0097	LEADER PPIC WH RM & COMP	DEPT005
52	EFUL MULYANA	0098	LEADER B3 , SPAREPART & SARANA	DEPT005
53	RIAN INDRIAWAN	0099	LEADER PLANNING PI	DEPT005
54	ARBI WIBAWA	0100	OPERATOR ORDERING	DEPT005
55	AAN SETIYAWAN	0107	OPERATOR MAINTENANCE MIRROR	DEPT017
56	SATRIANA APRILA	0110	OPERATOR QUALITY SD	DEPT007
57	CHAERUDIN	0111	LEADER QC PI	DEPT007
58	BOWO RISDIYANTO	0112	LEADER QC PI	DEPT007
59	NURMANSYAH	0113	LEADER QRO	DEPT007
60	AHMAD FA'IL MULYANA	0114	LEADER QUALITY SD	DEPT007
61	M. BAMBANG IRAWAN	0115	OPERATOR PAINTING	DEPT011
62	IWAN SUSANTO	0120	OPERATOR PROCESS PAINTING	DEPT018
63	AHMAD MUSTAJIB	0121	OPERATOR PAINTING	DEPT011
65	MUHAMAD SUKARNA	0125	OPERATOR PLASTIC INJECTION	DEPT011
66	EKO PUJI SANTOSO	0126	OPERATOR PAINTING	DEPT011
68	HARY MUKTI	0131	OPERATOR PLASTIC INJECTION	DEPT011
69	MUHAMAD FADILAH	0133	OPERATOR PLASTIC INJECTION	DEPT011
70	ANDRI PUTRA PRASETIA	0138	OPERATOR PLASTIC INJECTION	DEPT011
71	MULYADI	0139	OPERATOR PLASTIC INJECTION	DEPT011
72	JIMI GUNAWAN	0141	OPERATOR PLASTIC INJECTION	DEPT011
73	RULIANA	0142	OPERATOR PLASTIC INJECTION	DEPT011
74	MUHAMMAD FIRMAN FAJRIN A M	0144	OPERATOR PROD CONTROL MIRROR	DEPT005
75	REYNERS ALVARIO MARDIANTO G	0148	OPERATOR PROD CONTROL PAINTING	DEPT005
76	MUHAMAD SANUSI	0149	LEADER WH FG PI	DEPT005
77	IRWANDI YUDISTIRA	0154	OPERATOR SHIPPING DELIVERY	DEPT005
78	BAYU PURWANTARA	0156	OPERATOR MAINTENANCE PAINTING	DEPT017
79	KARUNIA RAHMADIN	0157	LEADER MAINTENANCE UTILITY	DEPT017
80	MUHAMAD FAJAR RIYADI	0158	OPERATOR MAINTENANCE PAINTING	DEPT017
81	SANDI SOPANDI	0160	OPERATOR PAINTING	DEPT011
82	BAYU CHRISTIANTO	0164	OPERATOR PAINTING	DEPT011
83	BENNY RIMALI	0165	LEADER PAINTING	DEPT011
84	JAYA PERMATA	0168	OPERATOR PAINTING	DEPT011
85	MUHAMAD SYAEFUL BAHRI	0170	LEADER PAINTING	DEPT011
86	DEKA NURFAIZAL	0171	OPERATOR PROD CONTROL PI	DEPT005
87	REVI SAHENSHAH	0175	LEADER PAINTING	DEPT011
88	BAYU SANTOSO	0178	LEADER QUALITY ENGINEERING	DEPT007
89	DINDIN BUDIMAN	0180	LEADER QRO	DEPT007
90	HAMBALI HAFIED SYAM	0181	OPERATOR QUALITY ENGINEERING	DEPT007
91	MITON IRWANTO	0182	OPERATOR QC PI	DEPT007
93	FAIZAL RACHMAN	0184	OPERATOR MOLDSHOP PI	DEPT008
94	RADEN DEDI PURNAMA	0185	OPERATOR PLASTIC INJECTION	DEPT011
95	JAYA RIYANA	0186	OPERATOR PROCESS PI	DEPT018
96	HERMAWAN	0188	OPERATOR MOLDSHOP SB	DEPT008
97	MARDIANSYAH	0190	OPERATOR PLASTIC INJECTION	DEPT011
98	MUHAMMAD SIDIK PRASETYO	0194	OPERATOR PROCESS AUTOMATION	DEPT017
99	POUNDRA PRANA YOGA	0196	LEADER MOLDSHOP PREPARATION	DEPT008
100	ANTONIUS CHRISTANTO TRI ATMOJO	0197	OPERATOR MOLDSHOP DESAIN	DEPT008
101	SANDI PURWO KRISNANDI WIDIGDO	0198	OPERATOR MOLDSHOP DESAIN	DEPT008
102	WULAN FITRAH ISLAM NURJANAH	0199	ADMIN PROJECT DEVELOPMENT	DEPT004
103	RIZQIAH RAHAYU	0200	ADMIN PURCHASING	DEPT014
104	IRWAN FARIZKI	0204	OPERATOR MOLDSHOP PI	DEPT008
105	ANTON CIPTADY	0205	OPERATOR MOLDSHOP PI	DEPT008
106	AHMAD BAENURI	0206	OPERATOR MAINTENANCE UTILITY	DEPT017
107	RAMDANI	0207	LEADER MAINTENANCE PAINTING	DEPT017
108	SURANTO	0208	OPERATOR PAINTING	DEPT011
109	ABDI NUGROHO	0210	OPERATOR QC PI	DEPT007
110	ACEP MUHTADIN	0212	OPERATOR PAINTING	DEPT011
111	ACHMAD SOFYAN	0213	LEADER REAR VIEW	DEPT011
112	DEDE FIRMAN MURTADHO	0216	LEADER PAINTING	DEPT011
113	ADI AGUNG CAHYA	0217	OPERATOR PAINTING	DEPT011
114	HENDA IRAWAN	0218	OPERATOR PAINTING	DEPT011
115	EKO PRASETYO	0220	OPERATOR PROCESS AUTOMATION	DEPT017
116	MUHAMAD JAEMI	0221	LEADER PAINTING	DEPT011
117	MOHAMAD ISRONI	0222	OPERATOR PROCESS PAINTING	DEPT018
118	ARY KARTIKA PUTRANTO	0223	OPERATOR PROD CONTROL PI	DEPT005
119	DWI CANDRA CIPUTRA	0224	OPERATOR PROCESS ENGINERING	DEPT018
120	ANDI SETIAWAN	0225	OPERATOR MOLDSHOP PI	DEPT008
121	GURUH BRAHMA PUTRA SAKTI	0232	OPERATOR GA	DEPT015
123	APRIYANI	0242	ADMIN PLASTIC INJECTION	DEPT011
124	SIGIT PAMUNGKAS	0243	OPERATOR PLASTIC INJECTION	DEPT011
125	PUTRA	0244	OPERATOR MAINTENANCE SB	DEPT017
126	YUDHA ARDIANSYAH	0245	LEADER MAINTENANCE PI	DEPT017
127	YUWONO PURWATMOKO	0247	OPERATOR MAINTENANCE PI	DEPT017
128	MUGIONO ADI SANTOSO	0252	LEADER QUALITY VERIFIKASI	DEPT007
129	IMAT RAHMAT	0253	LEADER PAINTING	DEPT011
130	IMRAN MUSLIMIN	0254	OPERATOR PAINTING	DEPT011
131	SUHERMAN	0257	OPERATOR PAINTING	DEPT011
132	SEBASTIAN ALEXANDER	0258	LEADER PAINTING	DEPT011
133	RAMDAN JUMADI	0263	OPERATOR PAINTING	DEPT011
134	MUHAMMAD YANUAR	0264	OPERATOR PAINTING	DEPT011
135	BENI SUNARYA	0270	OPERATOR MOLDSHOP PREPARATION	DEPT008
136	YADI MULYADI	0271	LEADER PLASTIC INJECTION	DEPT011
137	WAWAN SETIAWAN	0272	OPERATOR PLASTIC INJECTION	DEPT011
138	MUHAMMAD RAMDANI	0273	OPERATOR QUALITY VERIFIKASI	DEPT007
139	FAJRI RAMADHAN	0276	OPERATOR QC PI	DEPT007
140	MAHPUDIN	0277	OPERATOR PLASTIC INJECTION	DEPT011
141	DENI GUNAWAN	0285	LEADER MOLDSHOP PREPARATION	DEPT008
142	ABDUL MUSHI HIDAYAT	0286	OPERATOR PLASTIC INJECTION	DEPT011
143	YOGA NURFALAH	0287	OPERATOR PLASTIC INJECTION	DEPT011
144	M.ASEP ANWAR	0289	OPERATOR MOLDSHOP PREPARATION	DEPT008
145	SAIPUL HIDAYAT	0290	LEADER PLASTIC INJECTION	DEPT011
146	MUSTOPA	0291	LEADER PLASTIC INJECTION	DEPT011
147	AUDRA NUZULA	0292	OPERATOR PLASTIC INJECTION	DEPT011
148	PITER FEBRIANUS S.	0293	LEADER PLASTIC INJECTION	DEPT011
149	HARI PRATIKNO	0296	OPERATOR PROCESS PI	DEPT018
150	MOCH. SYAHRUSSYIAMI	0300	LEADER PLASTIC INJECTION	DEPT011
151	ACHMAD FAUZI	0303	OPERATOR PROCESS AUTOMATION	DEPT017
152	YAKUB FAHREZI	0304	LEADER PLASTIC INJECTION	DEPT011
153	SAEPUL BACHRI	0307	OPERATOR PLASTIC INJECTION	DEPT011
154	ALWI PRASETYO	0308	LEADER MOLDSHOP PI	DEPT008
155	EKO WARYANTO	0309	OPERATOR MOLDSHOP PI	DEPT008
156	SANDIH	0310	OPERATOR PAINTING	DEPT011
157	DIKY ARFAN	0315	LEADER PLASTIC INJECTION	DEPT011
158	RICKY FADILLAH PUTUNENA	0316	LEADER PAINTING	DEPT011
159	FATRA PALESTINO	0317	OPERATOR ASSY MIRROR	DEPT011
160	SIGIT SUGIONO	0319	OPERATOR MOLDSHOP SETTER	DEPT008
161	UJANG SUPIAN	0320	OPERATOR PROCESS PI	DEPT018
162	ADHY SULISTIAWAN	0322	LEADER PAINTING	DEPT011
164	JUNAEDI	0325	ADMIN BACK MIRROR	DEPT011
165	YUDHA PRADANA	0326	OPERATOR PAINTING	DEPT011
166	SODIK	0333	LEADER PAINTING	DEPT011
167	SUPRIYADI	0346	OPERATOR PAINTING	DEPT011
168	SLAMET SYAMSUDIN	0347	OPERATOR PAINTING	DEPT011
169	ENDANG SUTISNA	0349	LEADER PLASTIC INJECTION	DEPT011
170	SOBURUDIN	0353	OPERATOR PLASTIC INJECTION	DEPT011
171	RIFQI HIBATULLAH	0354	OPERATOR MOLDSHOP PREPARATION	DEPT008
172	ALBAR ALHALIM	0355	OPERATOR PLASTIC INJECTION	DEPT011
173	HARIYANTO	0356	OPERATOR PLASTIC INJECTION	DEPT011
174	IMAM SYAH	0357	OPERATOR PLASTIC INJECTION	DEPT011
175	ANDRI SETIYANTO	0359	OPERATOR MAINTENANCE PI	DEPT017
176	SIDIK IBRAHIM	0360	OPERATOR WORKSHOP	DEPT017
177	BASUKI HAMJAH	0362	OPERATOR MAINTENANCE PI	DEPT017
178	AYI MUHAMMAD ABDUL HADI	0363	OPERATOR PLASTIC INJECTION	DEPT011
179	ANDINA AYU ANANDIAR	0364	STAFF EHS	DEPT013
180	ALEX BISMA PUTRA	0365	FOREMAN MAINTENANCE PI	DEPT017
181	SURITNO	0366	OPERATOR PROCESS MIRROR	DEPT018
182	ADE YANA	0367	OPERATOR MOLDSHOP SETTER	DEPT008
183	UJANG IRAWAN	0368	OPERATOR MOLDSHOP SETTER	DEPT008
184	ASEP MAULANA	0370	OPERATOR PAINTING	DEPT011
185	AHMAD SILAHUDIN	0375	OPERATOR PLASTIC INJECTION	DEPT011
186	AHMAD SUPANDI	0376	OPERATOR PLASTIC INJECTION	DEPT011
187	IRFAN NAWAWI	0378	OPERATOR PLASTIC INJECTION	DEPT011
188	MULYADI	0386	OPERATOR CRUSHER PI	DEPT011
189	ANDI KUSUMA	0389	OPERATOR CRUSHER PI	DEPT011
190	BUSTANUL LATIF	0391	OPERATOR PLASTIC INJECTION	DEPT011
191	AGUS SOFYAN TABAR	0398	OPERATOR PLASTIC INJECTION	DEPT011
192	ANGGA MARTADINATA	0399	OPERATOR GA	DEPT015
193	RIZAL QUR'ANAN ROCHIM	0400	OPERATOR QC PI	DEPT007
194	HAMDANU WIBAWA	0401	OPERATOR QUALITY SD	DEPT007
195	IRWAN SEPTIAWAN	0403	OPERATOR PLASTIC INJECTION	DEPT011
196	FAHADA	0404	LEADER CRUSHER PI	DEPT011
197	EVA RAHASTUTI	0405	ADMIN HR	DEPT015
198	BRYAN BASKARA AJI	0406	OPERATOR PLASTIC INJECTION	DEPT011
199	AMIR PRAMONO	0411	OPERATOR CRUSHER PI	DEPT011
200	TARONO	0412	OPERATOR PLASTIC INJECTION	DEPT011
201	DEDI SUGIWAN	0416	OPERATOR MOLDSHOP PREPARATION	DEPT008
202	ADE IMAM PAMUNGKAS	0419	LEADER PLASTIC INJECTION	DEPT011
203	SUPRIYANTO	0420	OPERATOR MOLDSHOP PREPARATION	DEPT008
204	SHOLIKIN	0421	LEADER PLASTIC INJECTION	DEPT011
205	OTIN AGUSTIN	0422	OPERATOR PLASTIC INJECTION	DEPT011
206	ROTUA ANGGIAT SITORUS	0424	LEADER PLASTIC INJECTION	DEPT011
208	DEDE MULYANTO	0426	LEADER SFG RR2	DEPT005
209	MOH RIDWAN MAULANA IKBAL	0427	LEADER PROD CONTROL PAINTING	DEPT005
210	ROHMATULLAH	0428	OPERATOR PROD CONTROL PI	DEPT005
211	HENDRIK IRAWAN	0429	OPERATOR INCOMING	DEPT005
212	ABDUL KOHAR	0430	LEADER FG SEAT BOTTOM & DENSO	DEPT005
213	LUKI PERMANA	0431	ADMIN MRP	DEPT005
214	WAHYU HERMAWAN	0432	OPERATOR SHIPPING DELIVERY	DEPT005
215	MA'SUM	0433	LEADER SHIPPING DELIVERY	DEPT005
216	NANDANG HERMANSYAH	0434	LEADER WH FG PAINTING & MIRROR	DEPT005
217	FAISAL ILLABI	0436	OPERATOR FG SEAT BOTTOM & DENSO	DEPT005
218	FIRMANSYAH	0437	OPERATOR FG SEAT BOTTOM & DENSO	DEPT005
219	KARSIDIN	0438	LEADER WH FG PI	DEPT005
220	ENDAY SUHENDAR PERMANA	0440	OPERATOR SHIPPING DELIVERY	DEPT005
221	AGUS SALIM	0443	OPERATOR PAINTING	DEPT011
222	ARIS MUNANDAR	0444	OPERATOR ASSY MIRROR	DEPT011
223	DANI RUKANDA	0447	OPERATOR PAINTING	DEPT011
224	MUGIYANTO	0450	OPERATOR PAINTING	DEPT011
225	ACEP HAMDANI	0453	OPERATOR PAINTING	DEPT011
226	HARDI RAHMAN	0454	OPERATOR PAINTING	DEPT011
227	TRI HARMOKO	0455	OPERATOR MOLDSHOP PI	DEPT008
228	FATHONY DJADJANG	0456	DEPT. HEAD PDCA, QEHS & Improvement	DEPT013
229	ANDI	0457	SUPERVISOR PI, PACKAGING & REAR VIEW	DEPT018
230	MURDINI	0458	KOORDINATOR PROCESS ENGINEERING	DEPT018
231	DHIDHI MURWINDITO	0459	SUPERVISOR PROCESS ENGINEERING PAINTING	DEPT018
232	SYAEFUL TRIANA	0460	LEADER PLASTIC INJECTION	DEPT011
233	TRIYONO	0461	LEADER PLASTIC INJECTION	DEPT011
234	HERU SUBADRU	0462	LEADER PLASTIC INJECTION	DEPT011
235	AZRI PRATAMA	0464	OPERATOR PLASTIC INJECTION	DEPT011
236	YOSIE FEBRIANSYAH	0465	OPERATOR PLASTIC INJECTION	DEPT011
237	AGUS SUMARLIN	0466	OPERATOR REAR VIEW	DEPT011
238	BURHANUDIN SAFARI	0468	OPERATOR QC PI	DEPT007
239	RIAN TRESNAWAN	0470	OPERATOR QUALITY LABOLATORY	DEPT007
240	GUNAWAN	0471	OPERATOR PROCESS MIRROR	DEPT018
241	ANGGA YUDA KHARISMA	0472	OPERATOR REAR VIEW	DEPT011
242	MA'RUF SAEFURROHMAN	0477	OPERATOR PLASTIC INJECTION	DEPT011
243	JULI MUSYANTO	0479	OPERATOR MOLDSHOP PREPARATION	DEPT008
244	MOCH AMINULLOH	0482	OPERATOR PLASTIC INJECTION	DEPT011
245	ERWIN SARIPUDIN	0484	OPERATOR PLASTIC INJECTION	DEPT011
246	AHMAD SYARIFUDIN	0489	OPERATOR PLASTIC INJECTION	DEPT011
247	WIRATMO	0493	OPERATOR MOLDSHOP SETTER	DEPT008
248	ERVIA RIANTI SURYANI	0497	ADMIN PAINTING	DEPT011
249	BAYU DEWANTO	0503	OPERATOR PAINTING	DEPT011
250	KHOERUDIN	0515	OPERATOR PAINTING	DEPT011
251	AFIF RACHMAT	0517	OPERATOR PAINTING	DEPT011
252	MUHAMMAD SETIAWAN	0520	OPERATOR PAINTING	DEPT011
253	CUDOMO	0521	OPERATOR PLASTIC INJECTION	DEPT011
254	DEBY DWI FAUZI	0525	SUPERVISOR QUALITY ASSURNS DAN REPRESN	DEPT007
255	ARDHILA RAMADANSYAH HANDOKO	0527	SECTION HEAD PROJECT DEVELOPMENT	DEPT004
256	IRWAN MARTIN AFFANDI	0528	OPERATOR PROD CONTROL SB	DEPT005
257	NADI SOPANDI	0530	OPERATOR PAINTING	DEPT011
258	AHMAD YUSUF	0531	OPERATOR QC PI	DEPT007
259	AWANG SEFTIAWAN	0532	OPERATOR MOLDSHOP PREPARATION	DEPT008
260	ASEP RUHYAT	0534	OPERATOR PLASTIC INJECTION	DEPT011
261	PRAMONO PUTRA HANDAYA	0537	OPERATOR PLASTIC INJECTION	DEPT011
262	YUDHI PRIHANDOKO	0542	OPERATOR PLASTIC INJECTION	DEPT011
263	IRFAN KURNIAWAN	0546	OPERATOR MAINTENANCE PI	DEPT017
264	ARYA GANA	0547	OPERATOR PLASTIC INJECTION	DEPT011
265	ASEP MULYONO	0549	OPERATOR PLASTIC INJECTION	DEPT011
266	MULIA RAMDAN	0554	OPERATOR PLASTIC INJECTION	DEPT011
267	RUDIANSYAH	0557	OPERATOR PLASTIC INJECTION	DEPT011
268	HERMAN SUSANTO	0563	LEADER PLASTIC INJECTION	DEPT011
270	PERDI SEPTIAN	0571	OPERATOR PLASTIC INJECTION	DEPT011
271	IMAM APRILIYADI	0572	OPERATOR MAINTENANCE UTILITY	DEPT017
272	ZAKARIA	0575	OPERATOR PLASTIC INJECTION	DEPT011
273	DEDE MUHAMAD SAMSUDIN	0578	OPERATOR PROCESS AUTOMATION	DEPT017
274	ALEXANDER YACOB	0579	OPERATOR MOLDSHOP PREPARATION	DEPT008
275	DEDEN SUPARMAN	0585	OPERATOR PLASTIC INJECTION	DEPT011
276	MUJIYATNA	0590	OPERATOR QC PI	DEPT007
277	MUHAMMAD ILHAM AZKIYA	0592	OPERATOR MOLDSHOP PI	DEPT008
278	PRABU INDRA WIJAYA	0593	OPERATOR MOLDSHOP PI	DEPT008
279	TEGUH JUNIARTO	0595	OPERATOR ASSY MIRROR	DEPT011
280	ANJAR DIDIK SATRIYO	0599	LEADER PLASTIC INJECTION	DEPT011
281	HOERUDIN	0600	LEADER PLASTIC INJECTION	DEPT011
282	DJUNAEDI	0601	OPERATOR EHS	DEPT013
283	SUBUR PRIHATIN	0604	OPERATOR QC PI	DEPT007
284	YUSUF AFRIYANSYAH	0605	LEADER PLASTIC INJECTION	DEPT011
285	RADEN MUHAMMAD IQBAL FIRDAUS	0608	OPERATOR PLASTIC INJECTION	DEPT011
286	ROHMAT ARIFIN	0614	OPERATOR PLASTIC INJECTION	DEPT011
287	YESAYAS TULUS WIJAYA	0617	ADMIN MARKETING	DEPT020
288	FAISAL GHONI	0622	OPERATOR QC PAINTING	DEPT007
289	ACHMAD SOFYAN	0623	LEADER INCOMING	DEPT005
290	RESHANG HENDRA UDANAYA	0624	OPERATOR PLASTIC INJECTION	DEPT011
291	ERY IRAWAN	0628	OPERATOR PLASTIC INJECTION	DEPT011
292	ESO HARSONO	0630	LEADER MOLDSHOP PI	DEPT008
293	RAMULUS HERY KRISTIYANA	0631	LEADER MOLDSHOP SB	DEPT008
294	YADI ROHMAN FARUK	0632	LEADER MOLDSHOP PI	DEPT008
295	SANAN	0633	OPERATOR PLASTIC INJECTION	DEPT011
296	EKI MAULANA	0634	OPERATOR ASSY MIRROR	DEPT011
297	ROSID	0637	OPERATOR PLASTIC INJECTION	DEPT011
298	ASEP PURQON	0638	OPERATOR CRUSHER PI	DEPT011
299	ADE HARIANTO	0640	OPERATOR CRUSHER PI	DEPT011
300	ISNADI KUSNAEDI	0643	OPERATOR QC PI	DEPT007
301	ANTON SUJARWO	0644	OPERATOR QC PI	DEPT007
302	AKHMAT HERY CISWANDI	0645	OPERATOR QRO	DEPT007
303	DANY SETIADIEN	0646	OPERATOR REAR VIEW	DEPT011
304	NUR ABIDIN	0649	OPERATOR PROCESS PAINTING	DEPT018
305	ARIFIN	0650	OPERATOR PAINTING	DEPT011
306	MUHAMMAD TAUFIQ USMAN	0653	OPERATOR PAINTING	DEPT011
307	MOCHAMAD ZULKIPLI	0654	OPERATOR PAINTING	DEPT011
308	DADI ROSADI	0655	OPERATOR PAINTING	DEPT011
309	TEGUH FAISHOL	0657	OPERATOR PAINTING	DEPT011
310	DIDI DWI HERMANTO	0661	OPERATOR PAINTING	DEPT011
311	FAKHRIZAL	0662	OPERATOR PAINTING	DEPT011
312	FIQRI RAMDANI	0664	OPERATOR PLASTIC INJECTION	DEPT011
313	SOLIKIN	0665	LEADER REAR VIEW	DEPT011
314	IWAN GUNAWAN	0666	OPERATOR PAINTING	DEPT011
315	TAUFIK HIDAYAT	0667	OPERATOR PAINTING	DEPT011
316	JUJI PERMANA	0668	OPERATOR REAR VIEW	DEPT011
317	SONNY	0669	OPERATOR PAINTING	DEPT011
318	MUHAMMAD RASID	0670	OPERATOR PAINTING	DEPT011
319	ARIEF LUKMAN NURYADIN	0671	LEADER PAINTING	DEPT011
321	JUNANDI	0677	LEADER PROD CONTROL SB	DEPT005
322	MOH ZAELANI ABDILAH	0678	OPERATOR SFG R2	DEPT005
323	REALITA DWINANDA CYNTHYA	0679	ADMIN HR	DEPT015
324	MUSLIH BUDIONO	0682	OPERATOR PLASTIC INJECTION	DEPT011
325	DENI RIANSYAH	0683	OPERATOR QC MIRROR	DEPT007
326	MUHAMMAD SUKARNA	0685	OPERATOR MOLDSHOP PI	DEPT008
327	SUTISNA	0690	OPERATOR PLASTIC INJECTION	DEPT011
328	DERI ILYAS M	0691	OPERATOR PLASTIC INJECTION	DEPT011
329	JAMALUDIN	0695	OPERATOR PLASTIC INJECTION	DEPT011
330	ZAENAL MUTAKIN	0696	OPERATOR PLASTIC INJECTION	DEPT011
331	HANDI PERMANA	0698	OPERATOR MOLDSHOP PREPARATION	DEPT008
332	ZUVITA VENTY	0699	ADMIN QRO	DEPT007
333	DEBI ANDRIANTO	0703	OPERATOR ASSY MIRROR	DEPT011
334	YUDI SAPUTRA	0705	OPERATOR QC SB	DEPT007
335	DUDI FIRMANSYAH	0707	OPERATOR PAINTING	DEPT011
336	ADITYA PRAMANA PUTRA	0710	OPERATOR PLASTIC INJECTION	DEPT011
337	TANIA FURNAWATI	0712	ADMIN MRP	DEPT005
338	NOVEL BUDIMAN	0713	OPERATOR MOLDSHOP PI	DEPT008
339	ASEP MULYAWAN	0715	OPERATOR QUALITY LABOLATORY	DEPT007
340	DERI LUKMANA	0716	OPERATOR MOLDSHOP PI	DEPT008
341	RIZKY KURNIAWAN	0719	OPERATOR QC PAINTING	DEPT007
342	IRWAN SETIAWAN	0720	OPERATOR QC MIRROR	DEPT007
343	ARIS SUPRIYANTO	0721	OPERATOR MAINTENANCE PI	DEPT017
344	AHMAD ISMAIL	0722	OPERATOR MAINTENANCE MIRROR	DEPT017
345	ABDURRACHMAN	0725	OPERATOR PLASTIC INJECTION	DEPT011
346	RESA BIMA PRATAMA	0726	OPERATOR PLASTIC INJECTION	DEPT011
347	KOMARUDIN	0727	OPERATOR MOLDSHOP SB	DEPT008
348	ALDINOVA SUPRIATNO	0729	OPERATOR MOLDSHOP PREPARATION	DEPT008
349	BELLIEN NURUL ZAMAN	0730	OPERATOR EHS	DEPT013
350	DEDE ANDRIANA	0735	OPERATOR PLASTIC INJECTION	DEPT011
351	BAYU SETYA WIBOWO	0736	OPERATOR PLASTIC INJECTION	DEPT011
352	ANDU WIGUNA	0738	OPERATOR MOLDSHOP PREPARATION	DEPT008
355	ELIS	0743	ADMIN GA	DEPT015
362	MUHAMMAD ALI	0750	OPERATOR PLASTIC INJECTION	DEPT011
363	ENJANG SURYAMAN	0751	OPERATOR QC PI	DEPT007
364	ACHMAD SYACHLANI	0753	OPERATOR PLASTIC INJECTION	DEPT011
365	RAHMAT FIRNANDO	0756	OPERATOR PLASTIC INJECTION	DEPT011
366	NURHADI ANDRIANSYAH	0758	OPERATOR PROCESS AUTOMATION	DEPT017
367	ALI MUHLIS	0760	OPERATOR PLASTIC INJECTION	DEPT011
368	MUHAMAD YUSUF	0762	OPERATOR PLASTIC INJECTION	DEPT011
369	YOPI ARDIANTO	0766	OPERATOR PLASTIC INJECTION	DEPT011
370	EKA	0768	OPERATOR MOLDSHOP PREPARATION	DEPT008
371	SUKRISTIANTO	0771	OPERATOR PLASTIC INJECTION	DEPT011
372	IVAN FEBI SUGIATNA	0772	OPERATOR INCOMING	DEPT005
373	MUJIYANTO	0776	OPERATOR PLASTIC INJECTION	DEPT011
375	ROCHMAT WAHYUDI	0780	OPERATOR PROCESS SB	DEPT018
376	RICKY SETIONO RIYADI	0782	SUPERVISOR MARKETING	DEPT020
377	AKHMAD RONI MURDIANTO	0783	DEPUTY PLANT ENGINEERING	DEPT017
378	DODI HERMANTO	0785	LEADER QC PAINTING	DEPT007
379	ARIANI HIDAYAT	0786	OPERATOR PLASTIC INJECTION	DEPT011
380	SUMIYEM	0787	OPERATOR PLASTIC INJECTION	DEPT011
385	ISKANDAR AKBAR	0797	OPERATOR PAINTING	DEPT011
386	MUH SODIKIN	0798	OPERATOR PAINTING	DEPT011
387	ANGGA MEI SARAH	0799	SECTION HEAD MATERIAL ENGINEERING	DEPT018
388	JAMES FREDERIC LUCAS	0800	SUPERVISOR PLASTIC INJECTION	DEPT011
389	HERY NUR PRIATWANTO	0801	STAFF IR & LEGAL	DEPT013
390	EKO PUJIYANTO	0803	SECTION HEAD AUTOMATION & INDUSTRY 4.0	DEPT009
391	FACHRUROZI	0804	KOORDINATOR PPIC	DEPT005
392	EKA MUSTOFA	0808	OPERATOR WH FG PI	DEPT005
393	DHENI RAFSANJANI N	0809	OPERATOR QC MIRROR	DEPT007
394	HELMY HEFTIAL	0810	OPERATOR EHS	DEPT013
395	RENDI PURWANTO	0813	OPERATOR PLASTIC INJECTION	DEPT011
397	AGUNG SWANDARU	0823	LEADER PLASTIC INJECTION	DEPT011
398	ASEP SOPIYAN	0826	OPERATOR PAINTING	DEPT011
399	RAKHMAT ADI PAMUNGKAS	0828	SECT. HEAD SHIPPING, WH FG & WH SFG	DEPT005
400	INDRA SURYANA	0832	OPERATOR FG PI	DEPT005
401	ASEP SAEPUL BAHRI	0833	OPERATOR PAINTING	DEPT011
402	AHMAD FAUZI	0836	OPERATOR PAINTING	DEPT011
403	ABDUL AZIZ	0839	OPERATOR PAINTING	DEPT011
404	DEDE IRAWAN	0840	OPERATOR PAINTING	DEPT011
405	YUDI SAEPULLOH	0842	OPERATOR PAINTING	DEPT011
406	BAMBANG SANJAYA	0843	OPERATOR PLASTIC INJECTION	DEPT011
407	ELFIAN	0844	OPERATOR PROCESS MIRROR	DEPT018
408	ABDUL KOHAR	0845	OPERATOR PLASTIC INJECTION	DEPT011
409	DOZEN NURYANTO	0846	OPERATOR PLASTIC INJECTION	DEPT011
410	ISRAL NOFIANDRA	0847	OPERATOR QC PI	DEPT007
411	AHMAD FAUZI	0849	OPERATOR PLASTIC INJECTION	DEPT011
412	RENGKI HERIAWAN	0850	OPERATOR PLASTIC INJECTION	DEPT011
413	PURWANTO	0854	OPERATOR PLASTIC INJECTION	DEPT011
414	BUDI WALOYO	0856	LEADER MAINTENANCE MIRROR	DEPT017
415	BAGYA RISPANI	0857	OPERATOR MAINTENANCE PI	DEPT017
416	JAJANG ABDUL AZIZ	0858	OPERATOR QUALITY SD	DEPT007
417	AGUS MAULANA	0859	OPERATOR QRO	DEPT007
418	CHOBBY ANA BELA	0862	OPERATOR QC PI	DEPT007
419	NIA APRILIYANTI	0864	OPERATOR PLASTIC INJECTION	DEPT011
421	LUTHFI MUJHIR AL FARUQ	0869	OPERATOR PLASTIC INJECTION	DEPT011
423	EGI RUKMANA	0874	OPERATOR PAINTING	DEPT011
424	SITI HASIATUL ASRI	0876	SUPERVISOR HR	DEPT015
425	AGUS SUSILO	0886	OPERATOR PROCESS SB	DEPT018
426	SUPRIARDI	0887	LEADER PLASTIC INJECTION	DEPT011
428	SARMADI	0889	LEADER PLASTIC INJECTION	DEPT011
429	AGUS WIHA SAPUTRA	0890	LEADER PLASTIC INJECTION	DEPT011
430	IRHAM JIHADI	0891	SUPERVISOR PAINTING	DEPT011
431	ASEP SOPIAN	0899	OPERATOR PAINTING	DEPT011
432	FERRI FADRI SAEPUDIN	0900	OPERATOR PAINTING	DEPT011
433	YOBY ARDIANTO	0901	OPERATOR PAINTING	DEPT011
434	RUDI HARTONO	0902	OPERATOR PAINTING	DEPT011
435	RICKY ADITYA FAJAR	0903	OPERATOR PAINTING	DEPT011
439	MAULANA FAUZI	0911	OPERATOR PLASTIC INJECTION	DEPT011
440	YULIA HALIM	0914	SECTION HEAD FIN & ACCOUNTING	DEPT006
441	DERRYS IRAWAN	0915	OPERATOR QUALITY ENGINEERING	DEPT007
442	BENNY WIJAYA	0916	ADMIN FINANCE	DEPT006
443	DANI JIMI JUNAEDI	0917	OPERATOR MAINTENANCE PI	DEPT017
444	ANDRIANTO	0918	LEADER WH SARANA	DEPT005
445	RUDI HIDAYAT	0919	OPERATOR PAINTING	DEPT011
446	FEBI YAMAKULA	0921	OPERATOR PAINTING	DEPT011
447	ANTONIUS TRIYANTO	0929	OPERATOR PLASTIC INJECTION	DEPT011
448	RIZSKA ANGGRIAWATY	0933	ADMIN SHIPPING DELIVERY	DEPT005
450	NUGRAH SATRIA WIRAWAN	0936	DEPUTY MARKETING	DEPT020
451	INTAN	0940	OPERATOR PLASTIC INJECTION	DEPT011
452	NELI SEPTRIANI	0947	OPERATOR PLASTIC INJECTION	DEPT011
453	RINDAYANI	0948	OPERATOR REAR VIEW	DEPT011
454	IRMAWATI	0952	OPERATOR PLASTIC INJECTION	DEPT011
455	ANNISA SUCIYATI	0956	OPERATOR PLASTIC INJECTION	DEPT011
456	RIAN AFRIANSYAH	0965	OPERATOR PLASTIC INJECTION	DEPT011
457	RIYANDI	0966	ADMIN NEW PROJECT	DEPT005
458	HARIS FATONI	0967	OPERATOR MAINTENANCE PI	DEPT017
459	HADI RINALDI	0970	OPERATOR PLASTIC INJECTION	DEPT011
460	CHARMANTO	0974	OPERATOR CRUSHER PI	DEPT011
461	IMAM SANTOSO	0975	OPERATOR REAR VIEW	DEPT011
462	DONI BUDIMAN	0976	OPERATOR GA	DEPT015
463	ANAH YULIANA DEWI	0977	OPERATOR PAINTING	DEPT011
464	ZULFAN FERDIAN	0989	OPERATOR PAINTING	DEPT011
465	EGGI YORISHA FIRGYAN RAMDHAN	0992	OPERATOR PLASTIC INJECTION	DEPT011
466	ILHAM RICKYANSYAH	0994	OPERATOR QUALITY LABOLATORY	DEPT007
467	ARIS HARDIYANTO	0997	FOREMAN MOLDSHOP PREPARATION	DEPT008
468	LANJAR PURWANTORO	0998	OPERATOR PROCESS PI	DEPT018
469	FERI SISWANTO	1000	OPERATOR PLASTIC INJECTION	DEPT011
470	HERU WAHYU NUGROHO	1017	OPERATOR QC PAINTING	DEPT007
471	IRMAN CAHYONO	1018	OPERATOR MAINTENANCE PI	DEPT017
472	EKO SETIAWAN	1023	OPERATOR MAINTENANCE MIRROR	DEPT017
474	SLAMET DUL OLIK	1034	OPERATOR MOLDSHOP PREPARATION	DEPT008
475	RIZKI DANU SAPUTRA	1038	OPERATOR QC PI	DEPT007
476	ACHMAD BENI AMRULLAH	1039	OPERATOR PLASTIC INJECTION	DEPT011
477	CATUR PANJI PAMUNGKAS	1040	OPERATOR QUALITY ENGINEERING	DEPT007
478	DIAZ FAUZI	1041	OPERATOR MOLDSHOP PI	DEPT008
479	REZALDI RAMDANI	1048	OPERATOR PLASTIC INJECTION	DEPT011
480	DANU SUJATMOGO	1052	FOREMAN MAINTENANCE PAINTING	DEPT017
481	TOPI HIDAYAT	1053	FOREMAN MAINTENANCE UTILITY	DEPT017
482	A. ROYANI	1059	OPERATOR PLASTIC INJECTION	DEPT011
483	AKMAL ABDUL AZIZ	1060	OPERATOR PLASTIC INJECTION	DEPT011
484	ARIS RISWANDI	1061	OPERATOR PLASTIC INJECTION	DEPT011
486	DIAN NOVITA	1072	OPERATOR SHIPPING DELIVERY	DEPT005
487	DIKA PUJIYANTO	1073	SHIPPING DELIVERY	DEPT005
488	EKO FIRMANSYAH	1076	OPERATOR SHIPPING DELIVERY	DEPT005
489	FAJAR ADE KURNIA	1079	OPERATOR PROD CONTROL PI	DEPT005
490	RUDY SEPTIAN	1081	OPERATOR SHIPPING DELIVERY	DEPT005
491	RUDI YANSAH	1082	LEADER GUDANG SARANA	DEPT005
492	YUSUP MAULANA	1085	OPERATOR FG SEAT BOTTOM & DENSO	DEPT005
493	AHMAD MUSTOFA	1086	OPERATOR PAINTING	DEPT011
494	BOY SHANDY	1087	OPERATOR PAINTING	DEPT011
495	DEDE AGUNG NURDIANSAH	1088	OPERATOR PAINTING	DEPT011
496	ERIK SANJAYA	1090	OPERATOR PAINTING	DEPT011
497	PAHRUL RIJAL	1096	OPERATOR PAINTING	DEPT011
498	SHENDY PANJI PRATAMA	1099	OPERATOR MOLDSHOP SETTER PROJECT	DEPT008
499	ATIK ERFIANTI	1100	OPERATOR PLASTIC INJECTION	DEPT011
500	KUSRINI OKTAVIA	1104	OPERATOR QC MIRROR	DEPT007
501	REFDINAL	1111	SECTION HEAD FIN&ACCOUNTING	DEPT006
502	WINDY INDRAENI SETIANA	1112	STAFF HR	DEPT015
503	EKA RAHMANTO	1121	OPERATOR PROCESS SB	DEPT018
504	MATTHEW ADI PRATAMA	1122	OPERATOR QUALITY LABOLATORY	DEPT007
505	DICKI SUTARLI PUTRA	1124	OPERATOR QUALITY SD	DEPT007
506	DIDIK ZAINAL ABIDIN	1125	OPERATOR QRO	DEPT007
507	NOVIAN KERIS SUTISNA	1137	OPERATOR QC PI	DEPT007
508	ASEP DARMAWAN	1139	OPERATOR PLASTIC INJECTION	DEPT011
511	SAIPUL BAHRI	1146	OPERATOR PLASTIC INJECTION	DEPT011
512	AGUNG FIRMANSYAH	1147	OPERATOR PLASTIC INJECTION	DEPT011
513	GEORGE MUHAMMAD RUDY	1151	OPERATOR PAINTING	DEPT011
514	HERU IRAWAN	1153	OPERATOR WH SARANA	DEPT005
515	EMBUN PURNOMO	1158	OPERATOR PLASTIC INJECTION	DEPT011
516	JULI SETIANTO	1168	OPERATOR MOLDSHOP SETTER	DEPT008
518	MUHAMMAD LUKMAN HAKIM	1185	OPERATOR PROD CONTROL PI	DEPT005
519	SUKARDI	1189	OPERATOR PAINTING	DEPT011
520	BACHTIAR ROHMAN	1195	OPERATOR GA	DEPT015
524	HERU PURNOMO	1219	LEADER MAINTENANCE SB	DEPT017
525	AAF HANGGA ARISMAN	1220	OPERATOR PLANNING PI	DEPT005
526	WISNU BASKORO	1222	SUPERVISOR PRODUCTION PLANT 2	DEPT012
527	AMIR FATAH	1224	LEADER PROD CONTROL PI	DEPT005
528	MOCH.RIZAL DINITHO BOEKOESOE	1226	OPERATOR WH RM & COMP	DEPT005
529	DEYNALDO SRI SURYA P	1227	OPERATOR QUALITY SD	DEPT007
530	ROMARIO RISADI	1228	OPERATOR QUALITY LABOLATORY	DEPT007
531	EZRA DWI AFRIAN	1229	OPERATOR PLASTIC INJECTION	DEPT011
532	FLORENTIUS BINARYOGA PRASETYO	1230	OPERATOR PROCESS PI	DEPT018
533	JONATHAN ELMA PRADITA	1231	OPERATOR MOLDSHOP SETTER	DEPT008
534	OKKY ANDRIANO	1233	OPERATOR MAINTENANCE SB	DEPT017
535	ANDIKA SATRIYA NUGRAHA	1235	OPERATOR MOLDSHOP PI	DEPT008
536	LOURENTINUS NOTO BUDYO	1236	OPERATOR PROJECT DEVELOPMENT	DEPT004
537	YULIUS EDO PRADITYA	1237	OPERATOR MOLDSHOP SB	DEPT008
539	CHAMDAN NURZAEN	1250	OPERATOR WH SARANA	DEPT005
540	TEGUH PRASETYA	1252	OPERATOR REAR VIEW	DEPT011
541	ABDUL ROSID	1253	OPERATOR WH FG PI	DEPT005
542	ADE PUJI PUTRA	1254	OPERATOR SHIPPING DELIVERY	DEPT005
543	AGUS FIRMANSYAH	1256	OPERATOR WH RM & COMP	DEPT005
544	AGUS RAGIL KRISTIANTO	1257	OPERATOR WH RM & COMP	DEPT005
545	AKROM HASANI	1260	OPERATOR FG MIRROR	DEPT005
546	AMRI ROSADI	1261	OPERATOR WH SARANA	DEPT005
547	AZKA ANDHIKA CHERIALDI	1268	LEADER PPIC WH RM & COMP	DEPT005
548	BUDI RAMDONI	1270	OPERATOR PLASTIC INJECTION	DEPT011
549	DAVID ZULKARNAEN	1272	LEADER WH FG CIBITUNG	DEPT005
550	DENI DHARMAWAN	1276	LEADER WH FG PI	DEPT005
551	DENY SAPUTRA	1278	OPERATOR FG SEAT BOTTOM & DENSO	DEPT005
552	ERWIN KURNIAWAN	1284	OPERATOR FG PAINTING	DEPT005
553	HARI SANTOSO	1287	OPERATOR FG MIRROR	DEPT005
554	IWAN SYUKUR	1291	OPERATOR FG SEAT BOTTOM & DENSO	DEPT005
555	JUNAIDI	1293	OPERATOR WH SARANA	DEPT005
556	KIKIN MUTAKIN	1295	OPERATOR PAINTING	DEPT011
557	KUSWANTORO	1297	OPERATOR ASSY MIRROR	DEPT011
558	MOCH. ROSYID FATHULLAH	1299	OPERATOR SFG R4	DEPT005
559	MOH TRIYONO	1300	OPERATOR SHIPPING DELIVERY	DEPT005
560	MUHAMAD AFANDI	1301	OPERATOR SHIPPING DELIVERY	DEPT005
561	MUHAMAD EDI SULAEMAN	1302	OPERATOR SHIPPING DELIVERY	DEPT005
562	MUHAMAD EFFENDI	1303	LEADER SHIPPING DELIVERY	DEPT005
564	NOVA RIYANTO	1306	OPERATOR SHIPPING DELIVERY	DEPT005
565	NUR ROCHIM	1307	OPERATOR INCOMING	DEPT005
566	NURWANDA WIYANA	1308	LEADER SHIPPING DELIVERY	DEPT005
567	PUJIYANTO	1309	OPERATOR WH SARANA	DEPT005
569	RIAN RIADI	1312	OPERATOR FG PAINTING	DEPT005
570	RIZAL FAUZI	1314	LEADER WH FG PI	DEPT005
573	SUGENG PRIYATNO	1319	OPERATOR FG SEAT BOTTOM & DENSO	DEPT005
574	SUPANDI	1321	OPERATOR PLASTIC INJECTION	DEPT011
575	TAUFIK ISMAIL	1323	OPERATOR ORDERING	DEPT005
577	UJANG KUSNADI	1328	OPERATOR FG SEAT BOTTOM & DENSO	DEPT005
578	WANDA ZULKARNAEN	1329	OPERATOR PROD CONTROL PI	DEPT005
579	WANDI	1330	OPERATOR PROD CONTROL PI	DEPT005
580	YUS RUSWANDI	1334	LEADER PPIC WH RM & COMP	DEPT005
581	AMIRUDIN	1337	OPERATOR PAINTING	DEPT011
582	ANDRI AFRIANDI	1338	OPERATOR PAINTING	DEPT011
583	ASEP SUPRIANTO	1339	OPERATOR PAINTING	DEPT011
584	DEDE NURILAH	1342	OPERATOR PLASTIC INJECTION	DEPT011
585	DENI SETIAWAN	1343	OPERATOR PAINTING	DEPT011
586	DWI SUWARNO	1346	OPERATOR PLASTIC INJECTION	DEPT011
587	IRMA GUSTIANI	1349	OPERATOR PAINTING	DEPT011
588	ISFAN TURRAHMAN	1350	OPERATOR PAINTING	DEPT011
589	MAS PUTRI RAHAYU	1355	OPERATOR PAINTING	DEPT011
590	SULASTRI	1359	OPERATOR PLASTIC INJECTION	DEPT011
591	SURYANA MUKTI	1360	OPERATOR PAINTING	DEPT011
592	TEDI APRILIAN	1362	OPERATOR PAINTING	DEPT011
593	RIZKA PRIMANTIKA	1368	ADMIN HR	DEPT015
594	AGUSTIAN	1369	OPERATOR PLASTIC INJECTION	DEPT011
595	MUHAMAD ANDRI	1374	OPERATOR MOLDSHOP SETTER	DEPT008
596	MOCHAMAD ARIF SYARIFUDIN	1386	OPERATOR PAINTING	DEPT011
597	ADE IRAWAN	1390	OPERATOR PROD CONTROL MIRROR	DEPT005
598	ADITYA NUGRAHA	1391	OPERATOR PROD CONTROL SB	DEPT005
599	RIZKI DESIARTO	1396	OPERATOR PROD CONTROL SB	DEPT005
1186	MUSTOPA	PP43	CLEANING SERVICE	DEPT024
603	MUHAMMAD DWI SETYO	1403	OPERATOR IR & LEGAL	DEPT013
605	MULYANA	1415	OPERATOR PAINTING	DEPT011
606	MOCHAMAD DANI CHAIRUDIN	1418	OPERATOR PLANNING PI	DEPT005
607	MUSTOFA YOGIYANTA	1419	OPERATOR PROD CONTROL PAINTING	DEPT005
608	ACHMAD JUHARI	1423	OPERATOR PAINTING	DEPT011
609	DENI HERDIANA	1424	OPERATOR PAINTING	DEPT011
611	ANGGRA ADITIARA PUTRA	1432	OPERATOR PAINTING	DEPT011
612	DWI RAHARJO	1434	OPERATOR PLASTIC INJECTION	DEPT011
613	ABDUL ROSID	1445	OPERATOR PLASTIC INJECTION	DEPT011
614	AHMAD ROHYANI	1448	OPERATOR MOLDSHOP PREPARATION	DEPT008
615	ALIP HIDAYAH	1449	OPERATOR PLASTIC INJECTION	DEPT011
616	YUDI	1454	OPERATOR MOLDSHOP PREPARATION	DEPT008
617	YUDI PRATAMA	1455	OPERATOR PLASTIC INJECTION	DEPT011
618	ASEP HARUN	1475	OPERATOR WH SARANA	DEPT005
619	LUKMANUL HAKIM	1485	OPERATOR WH FG PI	DEPT005
620	MULYADI	1487	OPERATOR PLASTIC INJECTION	DEPT011
621	NOPIANSYAH	1489	OPERATOR PROD CONTROL PI	DEPT005
622	ADITYA SEPTIYAN NUGROHO	1493	OPERATOR PAINTING	DEPT011
623	ARIF ROHMAN HAKIM	1497	OPERATOR PAINTING	DEPT011
624	MUHIDIN BHADRI	1502	OPERATOR PAINTING	DEPT011
625	RISMAN RISDIANSAH	1503	OPERATOR PAINTING	DEPT011
627	RUDI RUMAEDI	1526	OPERATOR PLASTIC INJECTION	DEPT011
628	AGUNG SETIAWAN	1528	OPERATOR MOLDSHOP SETTER PROJECT	DEPT008
629	HENDRA	1536	OPERATOR PLASTIC INJECTION	DEPT011
630	IRFAN MUHRIFAN	1537	LEADER PLASTIC INJECTION	DEPT011
631	PEBRIANA	1542	OPERATOR PROCESS AUTOMATION	DEPT017
632	SATRIYO UTOMO	1548	SUPERVISOR QUALITY INCOMING	DEPT007
633	MUHAMMAD JOKO PRASETIYO	1550	OPERATOR PLASTIC INJECTION	DEPT011
634	RINALDI SAPUTRA	1551	OPERATOR MOLDSHOP SB	DEPT008
635	ABDURRAHMAN	1552	OPERATOR PLASTIC INJECTION	DEPT011
636	ENDRI SEPTIAWAN	1558	OPERATOR PLASTIC INJECTION	DEPT011
637	MUNANDAR	1566	OPERATOR MOLDSHOP PI	DEPT008
638	TRIYONO	1571	OPERATOR MOLDSHOP PREPARATION	DEPT008
639	NUR AHMAD FAJARUDIN	1574	OPERATOR WH FG PI	DEPT005
640	JOSANDY SETO JIWANGGONO	1579	OPERATOR PROCESS AUTOMATION	DEPT017
641	EGA ARIS SULISTIONO	1591	OPERATOR PLASTIC INJECTION	DEPT011
642	DEDE RAHMAN GUNTARA	1604	OPERATOR PLASTIC INJECTION	DEPT011
643	HERI WAHYUDI	1610	OPERATOR PLASTIC INJECTION	DEPT011
644	SUNANTO	1626	OPERATOR PLASTIC INJECTION	DEPT011
645	AGUS AMINUDIN IKHSAN	1632	SECTION HEAD MAINTENANCE MOLD	DEPT008
646	DANANG WIJAYANTO	1633	SUPERVISOR QC PROD 1	DEPT007
647	MIFTAHUR ROSYAD	1634	SUPERVISOR PPIC	DEPT005
648	ARIS KHOERUMAN	1636	FOREMAN PROCESS ENGINERING	DEPT018
649	BENI ISMAIL	1637	FOREMAN MOLDSHOP PREPARATION & SETTER	DEPT008
650	DESY AYUDITA KARTIKASARI	1638	FOREMAN PROCESS ENGINERING	DEPT018
651	DENI RAHMAT	1640	OPERATOR SHIPPING	DEPT005
652	AGUNG SETIAWAN	1642	OPERATOR PAINTING	DEPT011
653	MUHLIS	1643	OPERATOR PAINTING	DEPT011
654	AGUNG SULAEMAN	1649	OPERATOR PLASTIC INJECTION	DEPT011
655	ARIEF SOLIHIN	1651	OPERATOR PLASTIC INJECTION	DEPT011
656	R. YUSUF SUPRIADI	1675	OPERATOR PLASTIC INJECTION	DEPT011
657	DANY IRAWAN	1679	OPERATOR FG PAINTING	DEPT005
658	ANDRI HERDIANSYAH	1683	OPERATOR MAINTENANCE MIRROR	DEPT017
659	LUGI GUSTIAWAN	1684	OPERATOR PROCESS AUTOMATION	DEPT017
660	MUHAMAD RINALDI YUSUP	1685	OPERATOR MATERIAL ENGINEERING	DEPT018
661	YANUAR SETYA SANTOSO	1690	OPERATOR MOLDSHOP PREPARATION	DEPT008
662	MUHAMAD RUSTAM	1694	OPERATOR SHIPPING DELIVERY	DEPT005
663	BADRUDIN	1698	OPERATOR PLASTIC INJECTION	DEPT011
664	M RIZAL SIDIK	1709	OPERATOR PLASTIC INJECTION	DEPT011
665	OKY BUDHIMAN	1722	OPERATOR PLASTIC INJECTION	DEPT011
666	RAFLIKA ADI SURYA	1723	OPERATOR PROCESS PI	DEPT018
667	ISAR HIDAYAT	1748	OPERATOR WH RM & COMP	DEPT005
668	KOMARUDIN	1749	OPERATOR PAINTING	DEPT011
669	JOHANSYAH	1764	OPERATOR FG SEAT BOTTOM & DENSO	DEPT005
670	RIKO RINALDO	1767	OPERATOR SHIPPING DELIVERY	DEPT005
671	AGUNG TRI CAHYONO	1768	OPERATOR PLASTIC INJECTION	DEPT011
672	AFVANUH KHAIRIYAN	1782	OPERATOR PLASTIC INJECTION	DEPT011
674	CHANDRA PUSPA RAHAYU	1788	OPERATOR QC PI	DEPT007
675	EKA ISWANTO	1791	OPERATOR PLASTIC INJECTION	DEPT011
676	HERMAWAN	1795	OPERATOR PLASTIC INJECTION	DEPT011
677	ILHAM ADITYA	1797	OPERATOR PLASTIC INJECTION	DEPT011
678	JUMANTA	1803	OPERATOR PLASTIC INJECTION	DEPT011
679	KAMALUDIN	1804	OPERATOR PLASTIC INJECTION	DEPT011
680	MARDIANSYAH SAPUTRA	1808	OPERATOR PLASTIC INJECTION	DEPT011
681	MOCHAMAD CHAERU ZAMAN	1809	OPERATOR PLASTIC INJECTION	DEPT011
682	MUHAMAD KIKI	1810	OPERATOR PLASTIC INJECTION	DEPT011
683	NUR WAHID	1813	OPERATOR PLASTIC INJECTION	DEPT011
684	PANGESTU SUSANTO	1815	OPERATOR MOLDSHOP PREPARATION	DEPT008
685	RIRIN SETYONINGSIH	1821	OPERATOR PAINTING	DEPT011
686	PARLIN HENDRIK Z PURBA	1836	FOREMAN GUDANG SARANA	DEPT005
687	ADI SETIAWAN	1837	SUPERVISOR HR	DEPT015
688	KUN KUN AHMAD JALARI	1839	STAFF AFTER MARKET	DEPT005
689	MANSUR HIDAYAT	1840	FOREMAN SHIPPING DELIVERY	DEPT005
690	RIJAL HIDAYATULLOH	1841	OPERATOR PLASTIC INJECTION	DEPT011
691	ADE SUNARDI	1842	OPERATOR MOLDSHOP PI	DEPT008
692	ABDUL ROHMAN	1843	OPERATOR ASSY MIRROR	DEPT011
693	MOCHAMAD SALAMUN	1847	OPERATOR REAR VIEW	DEPT011
694	LUKMAN NULHAKIM	1851	OPERATOR QC SB	DEPT007
695	SANG AJI HANTARA	1863	FOREMAN MAINTENANCE MOLD	DEPT008
696	SUGENG PRIYONO	1864	OPERATOR QC PI	DEPT007
697	FEBRI NANANG YUDI PRATAMA	1868	OPERATOR WH FG PI	DEPT005
698	HAFIZ MUSLIM	1869	OPERATOR WH SARANA	DEPT005
699	ALFIANSYAH	1876	OPERATOR MOLDSHOP SB	DEPT008
700	PEBRIANTO	1887	OPERATOR PLASTIC INJECTION	DEPT011
701	SAEPULLOH	1889	OPERATOR PLASTIC INJECTION	DEPT011
702	DEDE MUHAMMAD IKBAL NIZAR	1893	OPERATOR QC PAINTING	DEPT007
703	RAGIL RINGGIT SUCIPTO	1894	FOREMAN PROD PLANNING	DEPT005
704	DEKY ARDHIO WIENATA	1898	LEADER SFG SEAT BOTTOM	DEPT005
705	NUR ABIDIN	1926	OPERATOR REAR VIEW	DEPT011
706	HERU SUSENO	1929	OPERATOR MOLDSHOP SETTER PROJECT	DEPT008
707	MUHAMMAD WARNO	1931	OPERATOR MAINTENANCE MIRROR	DEPT017
708	RIKY SUSAPRIANTO	1932	OPERATOR MAINTENANCE SB	DEPT017
709	RIZKI ANUGRAH SAPUTRA	1942	OPERATOR PAINTING	DEPT011
710	RUSMAN	1959	OPERATOR SHIPPING	DEPT005
711	TOPAN GINANJAR	1960	OPERATOR PAINTING	DEPT011
712	ROBI HERMANTO	1967	OPERATOR PLASTIC INJECTION	DEPT011
713	DWI SENO VERDIANSYAH NARANG	1972	FOREMAN WORKSHOP	DEPT017
714	EKO WIDIYANTO	1973	FOREMAN PROCESS ENGINERING	DEPT018
715	HARI WIBOWO	1978	OPERATOR ASSY MIRROR	DEPT011
716	TUBAGUS ADE IMANUDIN	1991	OPERATOR GA	DEPT015
717	ROSIDIN	1992	FOREMAN MAINTENANCE SB	DEPT017
718	DADAN AMINUDIN	2004	OPERATOR PAINTING	DEPT011
719	FAJAR SUBEKTI ROSENO	2007	OPERATOR SHIPPING DELIVERY	DEPT005
720	KARTIKO ANDI SAPUTRO	2011	OPERATOR ASSY MIRROR	DEPT011
721	ERLIS SITI RODIAH	2012	ADMIN FINANCE	DEPT006
722	BUDI YANTO	2015	LEADER PROD CONTROL PI	DEPT005
723	IVAN KUSUMA PUTRA	2016	SUPERVISOR SEAT & MIRROR ASSY	DEPT018
724	ROBY SUPARJI	2017	SUPERVISOR B3, SPAREPARTS & SARANA	DEPT005
725	WAHYU JUNIANTO	2026	OPERATOR REAR VIEW	DEPT011
726	JULIANTO INDRA SUTISNA	2043	OPERATOR PAINTING	DEPT011
727	TAOFIK IBRAHIM	2049	OPERATOR REAR VIEW	DEPT011
728	ISMAIL HASAN	2051	OPERATOR MAINTENANCE PI	DEPT017
729	SANDRA BUDI KUSUMAH	2052	SUPERVISOR MARKETING	DEPT020
730	WISNU KURNIAWAN	2055	SUPERVISOR PRODUCTION PLANT 2	DEPT017
731	ANANG EKO PRASETYO	2056	FOREMAN QUALITY VERIFIKASI	DEPT007
732	EDI SUTRISNO	2057	STAFF PURCHASING	DEPT014
733	EDWAR JAMBAK	2065	OPERATOR QUALITY ENGINEERING	DEPT007
1187	ERWIN SUMANTRI	PP44	CLEANING SERVICE	DEPT024
734	AGUS DEWANTORO	2066	SECTION HEAD PROJECT DEVELOPMENT	DEPT004
735	RENO MULYONO	2069	LEADER SFG R4	DEPT005
736	NAJAR RIDIL KAROMAH	2084	OPERATOR MOLDSHOP SETTER	DEPT008
737	REZA FAHMI MUBAROK	2085	OPERATOR MOLDSHOP PI	DEPT008
738	SUPARNO	2086	OPERATOR MOLDSHOP PI	DEPT008
739	MUHAMAD ADUDIN	2090	OPERATOR MOLDSHOP SB	DEPT008
740	YOGA HERGIANA	2185	FOREMAN PROCESS AUTOMATION	DEPT017
741	IWAN	2186	OPERATOR MOLDSHOP PI	DEPT008
742	JAJANG ANGGI SULISTYA	2353	SUPERVISOR PROJECT DEVELOPMENT	DEPT004
743	MUHAMMAD NUR HUDA	2356	SUPERVISOR PURCHASING	DEPT014
744	BETTY MARIA CHRISTINA	2370	SUPERVISOR MARKETING	DEPT020
747	KINASTRYAN JITA KRODA	2555	SPV QUALITY VERIFICATION & INCOMING	DEPT007
749	FRENDY PRASETYO	2679	FOREMAN SETTER PROJECT	DEPT008
750	TRIYANTO SISWADHI	2797	FOREMAN PROJECT DEVELOPMENT	DEPT004
751	SLAMET RIYADI	2848	FOREMAN TJDF	DEPT008
752	AHMAD ROHMANUDIN	2850	STAFF MARKETING	DEPT020
753	RAYMOND BINSAR PANDIANGAN	2853	SUPERVISOR COST ENGINEERING	DEPT004
754	OKTAFIAN BUDIRANTO	2909	ADMIN PURCHASING	DEPT014
756	JALU RAHMADI MUKTI	3083	SUPERVISOR QUALITY ENGINEERING & LAB	DEPT007
757	SRI HADI	3136	OPERATOR MAINTENANCE PI	DEPT017
758	OKSA ANGGER DUMAS	3335	SUPERVISOR PLANT ENGINEERING	DEPT017
760	IFANG NOORMADIANSYAH	3570	DIVISION HEAD BUSINESS DEV	DEPT022
761	HASTO SURASMO	3609	DEPT. HEAD FINANCE & ACCOUNTING	DEPT006
762	ABDUL MUFAKHIR ALIYUDDIN	3892	OPERATOR PLASTIC INJECTION	DEPT011
763	AFFANDI ADI VINANDA	3893	OPERATOR PLASTIC INJECTION	DEPT011
764	FAHMI ABDUL AZIS	3894	OPERATOR PLASTIC INJECTION	DEPT011
765	HAFIDZ MASRURI	3895	OPERATOR PLASTIC INJECTION	DEPT011
766	KRISTANTO	3897	OPERATOR PLASTIC INJECTION	DEPT011
767	MOSTIYAN NOVAL	3898	OPERATOR PLASTIC INJECTION	DEPT011
768	RAHMAT SETIAWAN	3899	OPERATOR PLASTIC INJECTION	DEPT011
769	RENDY TAUFIK ISMAIL	3900	OPERATOR PLASTIC INJECTION	DEPT011
770	RIZKI CATUR SAPUTRA	3901	OPERATOR PLASTIC INJECTION	DEPT011
771	ZAM ZAM TIJANI	3902	OPERATOR PLASTIC INJECTION	DEPT011
772	ARIE ANDY SAPUTRO	3903	OPERATOR QC MIRROR	DEPT007
773	DIKI IRAWAN	3904	OPERATOR PLASTIC INJECTION	DEPT011
774	MUHAMAD FARHAN	3905	OPERATOR PLASTIC INJECTION	DEPT011
776	ANDRI PUTRA PRATAMA	3909	OPERATOR MAINTENANCE PI	DEPT017
777	ANGGA HERMAWAN	3910	OPERATOR MAINTENANCE PI	DEPT017
778	BAYU GALIH PANGESTU	3911	OPERATOR MAINTENANCE SB	DEPT017
779	GUNTUR AJI PRASETIYO	3914	OPERATOR PLASTIC INJECTION	DEPT011
780	MUHAMAD MUHTAR	3917	OPERATOR PLASTIC INJECTION	DEPT011
781	MUHSIN	3918	OPERATOR PLASTIC INJECTION	DEPT011
782	PIAN SOPIAN	3919	OPERATOR PLASTIC INJECTION	DEPT011
784	RIZKY MAHARDHIKA SUMARNA	3922	OPERATOR PLASTIC INJECTION	DEPT011
785	MUHAMAD KHUSNI	3923	OPERATOR PLASTIC INJECTION	DEPT011
786	OPIK HIDAYAT	3924	OPERATOR PLASTIC INJECTION	DEPT011
788	ANDI NUGRAHA	3927	OPERATOR PI	DEPT011
789	ANDRE ARDIANSYAH	3928	OPERATOR PLASTIC INJECTION	DEPT011
790	ANDRE SYAHRUL	3929	OPERATOR PLASTIC INJECTION	DEPT011
791	FADJRIAN AGUNG PRIATNA	3930	OPERATOR PLASTIC INJECTION	DEPT011
792	APRIYADI	3931	OPERATOR PLASTIC INJECTION	DEPT011
793	ARDI NUGRAHA	3932	OPERATOR PLASTIC INJECTION	DEPT011
794	ENGGA PRASETYO	3933	OPERATOR ASSY MIRROR	DEPT011
795	FAHRUL ROZI	3934	OPERATOR PLASTIC INJECTION	DEPT011
796	FARJAN DWI CAHYO	3935	OPERATOR QRO	DEPT007
797	HENDRY PERMANA	3936	OPERATOR PLASTIC INJECTION	DEPT011
798	M ADE DIKI L S	3939	OPERATOR PLASTIC INJECTION	DEPT011
799	SUKMA PRASOJO	3940	OPERATOR WH FG PI	DEPT005
800	SYAHRUL RAMADHAN SIREGAR	3941	OPERATOR WH RM & COMP	DEPT005
801	KUSWIYADI UTORO	3942	OPERATOR WH FG CIBITUNG	DEPT005
802	FAJAR RAMADHAN	3943	ADMIN FINANCE	DEPT006
803	ARPAN MAULANA	3948	OPERATOR PLASTIC INJECTION	DEPT011
804	ABBEL YORDANDIRSA DENDI	3954	OPERATOR PLASTIC INJECTION	DEPT011
805	ABDUL FAHMI	3955	OPERATOR PLASTIC INJECTION	DEPT011
806	ABDUL ROHMAT SIGIT	3956	OPERATOR PLASTIC INJECTION	DEPT011
807	ACHMAD SATIBY FIRDAUSY FURQON	3957	OPERATOR PLASTIC INJECTION	DEPT011
808	ADE FIRMANSYAH	3958	OPERATOR PLASTIC INJECTION	DEPT011
809	ADITYA RAMDHANI	3959	OPERATOR PLASTIC INJECTION	DEPT011
810	ADITYO ROMADONI	3961	OPERATOR PLASTIC INJECTION	DEPT011
811	AHMAD RIDWAN	3962	OPERATOR PLASTIC INJECTION	DEPT011
812	ALDI RAMADAN SAPUTRA	3964	OPERATOR PLASTIC INJECTION	DEPT011
813	ALI SUFAJAR	3966	OPERATOR PLASTIC INJECTION	DEPT011
814	ASEP SUNARYA	3967	OPERATOR PLASTIC INJECTION	DEPT011
815	CIKAL GUMILAR HIDAYAT	3969	OPERATOR PLASTIC INJECTION	DEPT011
816	EMIR FAJAR	3971	OPERATOR PLASTIC INJECTION	DEPT011
817	FEBRI JUANDI	3972	OPERATOR PLASTIC INJECTION	DEPT011
818	MUHAMMAD ANDRE PRASETYO	3975	OPERATOR PLASTIC INJECTION	DEPT011
819	NALDI SAHLA DZIKRI	3976	OPERATOR PLASTIC INJECTION	DEPT011
822	DINNUR FADILLAH	3983	OPERATOR PLASTIC INJECTION	DEPT011
823	DODY YULIANTO	3984	OPERATOR PLASTIC INJECTION	DEPT011
824	HERMAWAN DHIKO JOANURI	3986	OPERATOR PLASTIC INJECTION	DEPT011
829	GALUH MUHARAM	3994	OPERATOR PLASTIC INJECTION	DEPT011
836	AHMAD HAQIQI	4004	OPERATOR PLASTIC INJECTION	DEPT011
837	ALI SAMSUDIN	4005	OPERATOR PLASTIC INJECTION	DEPT011
838	HERI ABDULAH SETIAWAN	4011	OPERATOR PLASTIC INJECTION	DEPT011
839	M HAFIZ BAYHAQI BARUS	4012	OPERATOR PLASTIC INJECTION	DEPT011
840	MOHAMMAD ALFI RIZQI	4013	OPERATOR PLASTIC INJECTION	DEPT011
841	MUHAMMAD ZUFAR SIDIK	4015	OPERATOR PLASTIC INJECTION	DEPT011
842	NOPIT KURNIAWAN	4016	OPERATOR PLASTIC INJECTION	DEPT011
843	NUROHMAT	4017	OPERATOR PLASTIC INJECTION	DEPT011
844	RAFA DIKA	4019	OPERATOR PLASTIC INJECTION	DEPT011
845	RANDRA FERIZQO RAMADHAN	4020	OPERATOR PLASTIC INJECTION	DEPT011
846	REVAN ALFIANSYAH	4021	OPERATOR PLASTIC INJECTION	DEPT011
847	RIZKY HIDAYAT	4023	OPERATOR PLASTIC INJECTION	DEPT011
848	ROFI MAKNUN	4024	OPERATOR PLASTIC INJECTION	DEPT011
849	ROMI MAULANA	4025	OPERATOR PLASTIC INJECTION	DEPT011
850	SAEPUL ANWARI	4026	OPERATOR PLASTIC INJECTION	DEPT011
851	TEGUH KURNIAWAN	4027	OPERATOR PLASTIC INJECTION	DEPT011
852	TRI HARTONO	4028	OPERATOR PLASTIC INJECTION	DEPT011
853	ADI KURNIA	4049	OPERATOR PLASTIC INJECTION	DEPT011
854	AHMAD RIFANI	4069	OPERATOR PLASTIC INJECTION	DEPT011
855	ARI AKBAR	4076	OPERATOR PLASTIC INJECTION	DEPT011
856	LUKMAN NUL HAKIM	4079	OPERATOR PLASTIC INJECTION	DEPT011
857	MUHAMMAD REZA FEBRIANNUR	4082	OPERATOR PLASTIC INJECTION	DEPT011
858	NOVAN	4083	OPERATOR PLASTIC INJECTION	DEPT011
859	SURATMAN	4085	OPERATOR PLASTIC INJECTION	DEPT011
1188	DEDI SUPRIYADI	PP45	CLEANING SERVICE	DEPT024
860	SULISTIYANTO	4091	OPERATOR PLASTIC INJECTION	DEPT011
861	NURMAN RAMADHANI	4093	OPERATOR PLASTIC INJECTION	DEPT011
862	ARIO PANGESTU ADI PRABOWO	4095	OPERATOR PLASTIC INJECTION	DEPT011
863	BAYU SURYANTORO	4097	OPERATOR PLASTIC INJECTION	DEPT011
864	DIRA FERIYANSYAH	4098	OPERATOR PLASTIC INJECTION	DEPT011
865	FACHRY FADILLAH AL ZAEN	4099	OPERATOR PLASTIC INJECTION	DEPT011
866	MAULANA SYAHID IBRAHIM	4101	OPERATOR PLASTIC INJECTION	DEPT011
867	MUHAMAD RIDWAN	4103	OPERATOR PLASTIC INJECTION	DEPT011
868	MUHAMMAD AKMAL	4104	OPERATOR PLASTIC INJECTION	DEPT011
869	MUHAMMAD KRISNA ALFAZSAR	4106	OPERATOR PLASTIC INJECTION	DEPT011
870	RAKA ARYA DWIPA AJI	4107	OPERATOR PLASTIC INJECTION	DEPT011
871	REZHA ZATNIKA	4108	OPERATOR PLASTIC INJECTION	DEPT011
872	RISKI HADI KURNIAWAN	4109	OPERATOR PLASTIC INJECTION	DEPT011
873	RUHAMA ROAUYANTA	4110	OPERATOR PLASTIC INJECTION	DEPT011
874	TAUFAN ADI SATYA	4111	OPERATOR PLASTIC INJECTION	DEPT011
875	YARID DWI BARZANZIY DIBA UTOMO	4112	OPERATOR PLASTIC INJECTION	DEPT011
880	AGUS SUSANTO	4120	OPERATOR PLASTIC INJECTION	DEPT011
881	ARI ROHENDI	4123	OPERATOR PLASTIC INJECTION	DEPT011
882	ARIEF KURNIAWAN	4124	OPERATOR PLASTIC INJECTION	DEPT011
883	AZIS RAMADAN ALHAMIDI	4126	OPERATOR PLASTIC INJECTION	DEPT011
884	GIGIN GINANJAR	4136	OPERATOR PLASTIC INJECTION	DEPT011
885	MUHAMAD DAMAN HURI	4139	OPERATOR PLASTIC INJECTION	DEPT011
886	MUHAMAD FIKRI ANGGA SAPUTRA	4142	OPERATOR PLASTIC INJECTION	DEPT011
887	WAHYU FIRMANSYAH	4151	OPERATOR PLASTIC INJECTION	DEPT011
888	WISNU BAYUAJI	4153	OPERATOR PLASTIC INJECTION	DEPT011
889	ANISTIA PRAFITRI	4154	SUPERVISOR FIN & ACCT	DEPT006
890	ADIT BASID SUWONDO	4155	OPERATOR PLASTIC INJECTION	DEPT011
891	AGUS WIDIYANTO	4158	OPERATOR PLASTIC INJECTION	DEPT011
892	ARIF NUR HIDAYAT	4163	OPERATOR PLASTIC INJECTION	DEPT011
893	DIKI MAHENDRA	4165	OPERATOR PLASTIC INJECTION	DEPT011
894	EDI PURNOMO	4167	OPERATOR PLASTIC INJECTION	DEPT011
895	FAJAR ANDRIYANTO	4169	OPERATOR PLASTIC INJECTION	DEPT011
896	FITHYAN AMRULLAH	4171	OPERATOR PLASTIC INJECTION	DEPT011
897	HENDRA	4172	OPERATOR PLASTIC INJECTION	DEPT011
898	IMAM SAPUTRA	4174	OPERATOR PLASTIC INJECTION	DEPT011
899	IMAM SETIAWAN	4175	OPERATOR PLASTIC INJECTION	DEPT011
900	IRFAN	4176	OPERATOR PLASTIC INJECTION	DEPT011
901	IRVAN NOFANDY	4177	OPERATOR PLASTIC INJECTION	DEPT011
902	M. ADI FAHRI	4178	OPERATOR PLASTIC INJECTION	DEPT011
903	MUHAMAD FAISYAL	4179	OPERATOR PLASTIC INJECTION	DEPT011
904	MUHAMAD RIZKI	4181	OPERATOR PLASTIC INJECTION	DEPT011
905	MUHAMMAD HABIB PRATAMA	4182	OPERATOR PLASTIC INJECTION	DEPT011
906	MUSLIH MAULANA	4183	OPERATOR PLASTIC INJECTION	DEPT011
907	NOVELA ANGGA GRAHITA	4185	OPERATOR PLASTIC INJECTION	DEPT011
908	PURWANTO	4186	OPERATOR PLASTIC INJECTION	DEPT011
909	RIZKI ANDRIYANSYAH	4187	OPERATOR PLASTIC INJECTION	DEPT011
910	ROBI HERMAWAN	4188	OPERATOR PLASTIC INJECTION	DEPT011
911	SENO TRI WIBOWO	4189	OPERATOR PLASTIC INJECTION	DEPT011
912	STEVEN CHRISTIAN SITOMPUL	4190	OPERATOR PLASTIC INJECTION	DEPT011
913	SUGENG TRIONO	4191	OPERATOR PLASTIC INJECTION	DEPT011
914	SUPRIYANTO	4192	OPERATOR PLASTIC INJECTION	DEPT011
915	THORIQ AZIZ TAUFIQURRAHMAN	4195	OPERATOR PLASTIC INJECTION	DEPT011
916	TRI ADJIE KRISTIYANTO JUNIO	4196	OPERATOR PLASTIC INJECTION	DEPT011
917	WIDIYAN ARMADA PUTRA	4197	OPERATOR PLASTIC INJECTION	DEPT011
918	ZAINAL ARIFIN	4200	OPERATOR PLASTIC INJECTION	DEPT011
919	FANDAL FADIL	4201	OPERATOR PLASTIC INJECTION	DEPT011
920	MAULANA DWI SUTANTO	4210	OPERATOR MOLDSHOP PREPARATION	DEPT008
921	SUNARSONO DWI HARIYANTO IMAM B	4211	OPERATOR MOLDSHOP PREPARATION	DEPT008
922	SEPDI ATNA WINANDIKA	4212	OPERATOR QC PI	DEPT007
923	ABRIZAL HANIF	4213	OPERATOR PLASTIC INJECTION	DEPT011
924	ADVENTINO BAGAS PRAKOSO	4214	OPERATOR PLASTIC INJECTION	DEPT011
925	ALDI DIMAS YOGA	4216	OPERATOR PLASTIC INJECTION	DEPT011
926	ANGGI HERMAWAN	4217	OPERATOR PLASTIC INJECTION	DEPT011
927	ARI PRADHITA	4218	OPERATOR PROD CONTROL PI	DEPT005
928	BAGUS SAIFUL ROHMAN	4219	OPERATOR PLASTIC INJECTION	DEPT011
929	DAHRI YANTO	4220	OPERATOR PLASTIC INJECTION	DEPT011
930	DENI SAPUTRA	4222	OPERATOR PLASTIC INJECTION	DEPT011
931	DICKY PUTRA SANJAYA	4223	OPERATOR PLASTIC INJECTION	DEPT011
932	DIKI INDRAWAN	4224	OPERATOR PLASTIC INJECTION	DEPT011
933	EKO WAHYU RAHMADHANI	4226	OPERATOR PLASTIC INJECTION	DEPT011
934	HERU RISKIONO	4229	OPERATOR PLASTIC INJECTION	DEPT011
935	KHOERUL ANAM	4231	OPERATOR PLASTIC INJECTION	DEPT011
936	M. NOVIAN ALTHOF MADANY	4233	OPERATOR PLASTIC INJECTION	DEPT011
937	MIZAN ARDHYANSYAH	4234	OPERATOR PLASTIC INJECTION	DEPT011
938	MUHAMAD WITO	4236	OPERATOR PLASTIC INJECTION	DEPT011
939	MUHAMMAD MIFTAKHUL HUDA	4239	OPERATOR PLASTIC INJECTION	DEPT011
940	MUHAMMAD ZAKI	4240	OPERATOR PLASTIC INJECTION	DEPT011
941	MUKHAMAD JA'FAR SHODIQ	4241	OPERATOR PLASTIC INJECTION	DEPT011
942	MUKTI FAJARRIZALDI	4242	OPERATOR PLASTIC INJECTION	DEPT011
943	MUSTOFA	4243	OPERATOR PLASTIC INJECTION	DEPT011
944	RICHAR BOGIYAMA	4246	OPERATOR PLASTIC INJECTION	DEPT011
945	RIYAN CRISANDY	4247	OPERATOR PLASTIC INJECTION	DEPT011
946	ROBBIL FIKNI	4248	OPERATOR PLASTIC INJECTION	DEPT011
947	ROBI SAPUTRA	4249	OPERATOR PLASTIC INJECTION	DEPT011
948	SUPARDI	4250	OPERATOR PLASTIC INJECTION	DEPT011
949	TRI ACHMAD SHOBIRIN	4251	OPERATOR PLASTIC INJECTION	DEPT011
950	UBAIDILLAH	4252	OPERATOR PLASTIC INJECTION	DEPT011
951	VALENDRA	4253	OPERATOR PLASTIC INJECTION	DEPT011
952	AFIF DIKI ANDI	4255	OPERATOR PLASTIC INJECTION	DEPT011
953	AGIL PRIYANTO	4256	OPERATOR PLASTIC INJECTION	DEPT011
954	MUHAMMAD TAUFIQURROHMAN	4259	OPERATOR PLASTIC INJECTION	DEPT011
955	RAHMAT HIDAYAT	4260	OPERATOR PLASTIC INJECTION	DEPT011
956	TRIATMOJO	4262	OPERATOR PLASTIC INJECTION	DEPT011
957	M. ARIF KHASANUDIN	4264	OPERATOR PLASTIC INJECTION	DEPT011
958	MIFTAKHUL MAJID	4265	OPERATOR PLASTIC INJECTION	DEPT011
959	RICKY ANDRIAN	4267	OPERATOR PLASTIC INJECTION	DEPT011
960	ARIAN PERDANA	4268	OPERATOR PLASTIC INJECTION	DEPT011
961	ASEP CAHYA	4269	OPERATOR PROD CONTROL PI	DEPT005
962	MUHAMMAD FAJAR SETIADI	4270	OPERATOR QC PI	DEPT007
963	E DINA IRAWATI	4271	DEPT. HEAD HRD-GA-IR	DEPT015
964	ABDUR RAHMAN	4272	OPERATOR PLASTIC INJECTION	DEPT011
965	AGUS SURAHMAN	4274	OPERATOR PLASTIC INJECTION	DEPT011
966	AHMAT FIQIH PRASETIYA	4275	OPERATOR PLASTIC INJECTION	DEPT011
967	AJIE WAHYU WIDODO	4276	OPERATOR PLASTIC INJECTION	DEPT011
968	ALDI ARIYANTO	4277	OPERATOR PLASTIC INJECTION	DEPT011
970	ANDI SUGIYANTORO	4279	OPERATOR PLASTIC INJECTION	DEPT011
971	ANGGIH RIYANTO	4280	OPERATOR PLASTIC INJECTION	DEPT011
972	ARIF SETIAWAN	4281	OPERATOR PLASTIC INJECTION	DEPT011
974	DAMAR RIZKY	4283	OPERATOR PLASTIC INJECTION	DEPT011
975	DENDRA PRAKOSO	4285	OPERATOR PLASTIC INJECTION	DEPT011
976	DENI SETIAWAN	4286	OPERATOR PLASTIC INJECTION	DEPT011
977	EKO SUPRASTIYO	4287	OPERATOR PLASTIC INJECTION	DEPT011
978	FARKHAN NUR ADITYA	4290	OPERATOR PLASTIC INJECTION	DEPT011
979	FERRY FIRMANSYAH	4291	OPERATOR PLASTIC INJECTION	DEPT011
980	HAFIDZ IMANUDIN AZIZ	4293	OPERATOR PLASTIC INJECTION	DEPT011
981	ILHAM ZUKMA HURRI	4295	OPERATOR PLASTIC INJECTION	DEPT011
982	JOKO PRIYANTO	4297	OPERATOR PLASTIC INJECTION	DEPT011
983	JUNI AZIZ PRAYOGO	4298	OPERATOR PLASTIC INJECTION	DEPT011
985	MUHAMAD RIZAL AWALUDIN	4304	OPERATOR PLASTIC INJECTION	DEPT011
987	MUHAMMAD RIZANUDIN	4308	OPERATOR PLASTIC INJECTION	DEPT011
988	NOVA DWI IRAWAN	4309	OPERATOR PLASTIC INJECTION	DEPT011
989	RIZAL DWI APRILIYANTO	4312	OPERATOR PLASTIC INJECTION	DEPT011
990	ROSADI	4313	OPERATOR PLASTIC INJECTION	DEPT011
991	RUDI KURNIAWAN	4314	OPERATOR PLASTIC INJECTION	DEPT011
992	SIGIT SULISTYO	4315	OPERATOR PLASTIC INJECTION	DEPT011
994	ALVIN HARIYADI	4319	OPERATOR PLASTIC INJECTION	DEPT011
995	ARBIOCA SALAM	4320	OPERATOR PLASTIC INJECTION	DEPT011
998	OKTA DENI SETIYAWAN	4325	OPERATOR PLASTIC INJECTION	DEPT011
999	PUTRA NAILUL MUNA	4326	OPERATOR PLASTIC INJECTION	DEPT011
1002	BAYU HILMAWAN	4330	OPERATOR PLASTIC INJECTION	DEPT011
1006	HAFIZ SAPUTRA	4337	OPERATOR INCOMING	DEPT005
1007	MUHAMAD RIDO AZHARI	4340	OPERATOR SFG SEAT BOTTOM	DEPT005
1008	IMAN AHMAD BAHTIAR	4341	OPERATOR FG PAINTING	DEPT005
1009	BAYU PRATAMA	4344	OPERATOR WH FG PI	DEPT005
1010	DEDE IRAWAN	4345	OPERATOR WH FG PI	DEPT005
1011	JUNIARDO AMSE SINAGA	4346	OPERATOR PROD CONTROL PI	DEPT005
1012	RAIHAN FATHAN MUBINA	4347	OPERATOR PROD CONTROL PI	DEPT005
1013	RIVAL EKO WINANDA	4348	OPERATOR PROD CONTROL PI	DEPT005
1014	ADE IRWAN FAHRUDIN	4349	OPERATOR WH SARANA	DEPT005
1015	AHMAD DHIYA ULHAQ ABDUS SHAMAD	4350	SUPERVISOR PURCHASING	DEPT014
1016	MUHAMAD	4351	SUPERVISOR PRODUCTION PLANT 2	DEPT012
1017	ANDREAS MALOTRA TUIS	4354	OPERATOR PLASTIC INJECTION	DEPT011
1018	ASEP RIO AGUSTIAN	4356	OPERATOR PLASTIC INJECTION	DEPT011
1019	DENI KURNIAWAN	4358	OPERATOR PLASTIC INJECTION	DEPT011
1020	DIKI ARIYANTO	4359	OPERATOR PLASTIC INJECTION	DEPT011
1021	EBIN LESMANA SUKMA	4360	OPERATOR PLASTIC INJECTION	DEPT011
1022	HERIADI HERMAWAN	4366	OPERATOR PLASTIC INJECTION	DEPT011
1023	MUHAMAD ANDRYAN	4368	OPERATOR PLASTIC INJECTION	DEPT011
1024	MUHAMAD SYAIFUL NURDIN	4369	OPERATOR PLASTIC INJECTION	DEPT011
1025	RIADY SOLIHIN	4372	OPERATOR PLASTIC INJECTION	DEPT011
1026	RIFKY NURHIDAYAT TULLAH	4373	OPERATOR PLASTIC INJECTION	DEPT011
1027	DICKY ADRIAN	4380	OPERATOR MOLDSHOP SETTER	DEPT008
1028	FERDIYAN ABDAN SYAKURO	4381	OPERATOR MOLDSHOP SETTER	DEPT008
1029	MUHAMAD RAMDONI SAPUTRA	4382	OPERATOR MOLDSHOP SETTER	DEPT008
1030	WAHID SUPENO	4383	OPERATOR MOLDSHOP SETTER	DEPT008
1031	TOMI ISTANTO	4384	OPERATOR MOLDSHOP PI	DEPT008
1032	IKSANUL FIKRI	4385	OPERATOR WH RM & COMP	DEPT005
1033	REZA BAYU SAPUTRA	4386	OPERATOR WH RM & COMP	DEPT005
1034	ALPAJRI KUSUMA	4388	OPERATOR PROD CONTROL PI	DEPT005
1035	MAULANA SYARIF DWIANTORO	4389	OPERATOR PROD CONTROL PI	DEPT005
1036	MOCH. IRPANSYAH	4390	OPERATOR PROD CONTROL PI	DEPT005
1037	MUHAMAD SULKHI AZIZ	4391	OPERATOR PROD CONTROL PI	DEPT005
1038	ALVIYAN KURNIAWAN	4392	OPERATOR SFG MIRROR	DEPT005
1039	KAMIL ALI	4393	OPERATOR WH FG CIBITUNG	DEPT005
1040	SATRIO BUDI ARGO	4394	OPERATOR SFG SEAT BOTTOM	DEPT005
1041	PERDIANSYAH SUHERMAN	4395	OPERATOR SHIPPING	DEPT005
1042	RONI SANUSI	4397	OPERATOR WH FG PI	DEPT005
1044	ANDIKA MAULANA SAPUTRA	4399	OPERATOR PLASTIC INJECTION	DEPT011
1045	CHANDRA JUNIANA PUTRA	4400	OPERATOR PLASTIC INJECTION	DEPT011
1046	GUNAWAN PRASTYO	4403	OPERATOR PLASTIC INJECTION	DEPT011
1047	M. TEDDY JURIAD	4404	OPERATOR PLASTIC INJECTION	DEPT011
1048	M. RIZAL	4405	OPERATOR PLASTIC INJECTION	DEPT011
1049	MUHAMAD RAJAINAL SIREGAR	4406	OPERATOR PLASTIC INJECTION	DEPT011
1050	MUHAMMAD FIKRI	4408	OPERATOR PLASTIC INJECTION	DEPT011
1051	RIZKI ANUGRAH PRATAMA	4409	OPERATOR PLASTIC INJECTION	DEPT011
1052	TRY WISNU LESMANA	4411	OPERATOR PLASTIC INJECTION	DEPT011
1053	ANGGA DIAN PRATAMA	4412	OPERATOR PLASTIC INJECTION	DEPT011
1054	DEDE BASTIAR	4413	OPERATOR PLASTIC INJECTION	DEPT011
1055	DIMAS WIBISONO	4415	OPERATOR PLASTIC INJECTION	DEPT011
1056	MUHAMAD PUJAYANA	4416	OPERATOR PLASTIC INJECTION	DEPT011
1057	MUHAMMAD ANDRE WILI NOVARGA	4417	OPERATOR PLASTIC INJECTION	DEPT011
1058	RAHMAN BADRI SALAM	4418	OPERATOR PLASTIC INJECTION	DEPT011
1059	UMAR CAHYO SANTOSO	4419	OPERATOR PLASTIC INJECTION	DEPT011
1060	INDRA PRASETYA	4421	OPERATOR QC PI	DEPT007
1061	MUHAMAD FIKRI HAIKAL	4422	OPERATOR QRO	DEPT007
1063	FAHRI	4425	OPERATOR FG PI	DEPT005
1064	MUHAMAD PUJIYANTO	4426	OPERATOR  FG PI	DEPT005
1065	MUHAMMAD FAHRUR ROZI	4428	OPERATOR SFG MIRROR	DEPT005
1066	M. YASIN	4429	OPERATOR SFG R2 PAINTING	DEPT005
1067	MUHAMMAD RAIHAN HADI	4430	OPERATOR PLASTIC INJECTION	DEPT011
1068	M. ERLANGGA FEBRIAN SYAHPUTRA	4432	OPERATOR STANDBY DELIVERY	DEPT005
1069	MUHAMAD JAYA	4433	OPERATOR STANDBY DELIVERY	DEPT005
1070	ISMAN FADILAH	4434	OPERATOR WH FG PI	DEPT005
1071	SAMSUL RIJAL	4436	OPERATOR WH FG PI	DEPT005
1072	IQBAL RIFKI FAUZI	4438	OPERATOR MAINTENANCE SB	DEPT017
1073	ILHAM MAOLANA YUSUP	4439	OPERATOR QC PI	DEPT007
1074	ADAM RAMADHAN	4440	OPERATOR PLASTIC INJECTION	DEPT011
1075	ARGA VIRDIKO	4441	OPERATOR PLASTIC INJECTION	DEPT011
1076	AWALLUDIN AKBAR	4442	OPERATOR PLASTIC INJECTION	DEPT011
1077	FATHURACHMAN ALI	4443	OPERATOR PLASTIC INJECTION	DEPT011
1078	MUHAMMAD RENDI FIRDAUS	4444	OPERATOR PLASTIC INJECTION	DEPT011
1079	YUDA PRATAMA	4445	OPERATOR PLASTIC INJECTION	DEPT011
1080	ALDI ALPIANA	4446	OPERATOR PLASTIC INJECTION	DEPT011
1081	ANGGIT PRAYOGA	4447	OPERATOR PLASTIC INJECTION	DEPT011
1082	FARHAN NUR SYAMSY	4448	OPERATOR PLASTIC INJECTION	DEPT011
1083	HERDIN	4449	OPERATOR PLASTIC INJECTION	DEPT011
1084	JEREMIA REYNALDO	4450	OPERATOR PLASTIC INJECTION	DEPT011
1085	MUHAMAD HENDRA PRIYANA	4451	OPERATOR PLASTIC INJECTION	DEPT011
1086	MUHAMMAD RAVI AL BUKHARI	4452	OPERATOR PLASTIC INJECTION	DEPT011
1087	AGUS HARTOYO	4453	DEPARTMENT HEAD MARKETING	DEPT020
1088	SUGIRI WAHYU WIJOYO	4454	DEPT. HEAD PURCHASING	DEPT014
1089	ADI IRFAN ZAINI	4455	OPERATOR PLASTIC INJECTION	DEPT011
1090	AJI SAPUTRA	4456	OPERATOR PLASTIC INJECTION	DEPT011
1091	AKBAR KURNIAWAN	4457	OPERATOR PLASTIC INJECTION	DEPT011
1092	ALFANSYAH FARIZ RIDWAN	4458	OPERATOR PLASTIC INJECTION	DEPT011
1093	AMRI FATHURRAHMAN	4459	OPERATOR PLASTIC INJECTION	DEPT011
1094	FARMAN FIRMANSYAH	4460	OPERATOR PLASTIC INJECTION	DEPT011
1095	HELMI HADIANA PRASETYO	4461	OPERATOR PLASTIC INJECTION	DEPT011
1096	MUHAMAD BUDI HERMANSYAH	4462	OPERATOR PLASTIC INJECTION	DEPT011
1097	MUHAMAD ROBBY	4463	OPERATOR PLASTIC INJECTION	DEPT011
1098	MUHAMMAD IKBAL	4464	OPERATOR PLASTIC INJECTION	DEPT011
1099	PUTRA KHAERUL NUGRAHA	4465	OPERATOR PLASTIC INJECTION	DEPT011
1100	RAFLY ALISWARI	4466	OPERATOR PLASTIC INJECTION	DEPT011
1101	RAKA ADITIA DARMA	4467	OPERATOR PLASTIC INJECTION	DEPT011
1102	RAMADHAN PRATAMA	4468	OPERATOR PLASTIC INJECTION	DEPT011
1103	RICKY BIMA SAPUTRA	4469	OPERATOR PLASTIC INJECTION	DEPT011
1104	SEPTO MAULANA R.	4470	OPERATOR PLASTIC INJECTION	DEPT011
1105	SYAFI SHALAHUDDIN	4471	OPERATOR PLASTIC INJECTION	DEPT011
1106	TAUFIQ AGUNG SUSILO	4472	OPERATOR PLASTIC INJECTION	DEPT011
1107	WIDJI AGUS WIJATMIKO	4473	OPERATOR PLASTIC INJECTION	DEPT011
1108	ZULFAQOR ABIDIN	4474	OPERATOR PLASTIC INJECTION	DEPT011
1109	GEMA	4475	SUPERVISOR PPIC	DEPT005
1110	TASHA HADIANTY DELIANA	4476	SUPERVISOR PURCHASING	DEPT014
1111	CANDRA DININGRAT	4477	SUPERVISOR PLANT AUTOMATION	DEPT017
1112	ADHITYA PUTRA AWALUDIN	4478	OPERATOR PLASTIC INJECTION	DEPT011
1113	AGENG PAMUJI	4479	OPERATOR PLASTIC INJECTION	DEPT011
1114	AJI WINDARTO	4480	OPERATOR QRO	DEPT007
1115	AZIZ MAULANA	4481	OPERATOR PLASTIC INJECTION	DEPT011
1116	DIMASIQI	4482	OPERATOR PLASTIC INJECTION	DEPT011
1117	EKO ABDUL ROHIM	4483	OPERATOR PLASTIC INJECTION	DEPT011
1118	FAJRUL UMAMI	4484	OPERATOR PLASTIC INJECTION	DEPT011
1119	INUNG RAHARJO	4485	OPERATOR PLASTIC INJECTION	DEPT011
1120	M. SYAFIQUR ROHMAN	4486	OPERATOR PLASTIC INJECTION	DEPT011
1121	MOHAMAD APRILIANTO DWIKI PURNOMO	4487	OPERATOR MOLDSHOP PI	DEPT008
1122	MOHAMAD SHOLEKHUDIN	4488	OPERATOR PLASTIC INJECTION	DEPT011
1123	MOHAMMAD HASAN AL BAKLAFI	4489	OPERATOR PLASTIC INJECTION	DEPT011
1124	MUHAMAD SAMSUL ARIFIN	4490	OPERATOR PLASTIC INJECTION	DEPT011
1125	MUHAMMAD IHSAN	4491	OPERATOR PLASTIC INJECTION	DEPT011
1126	MUKHAMAD TAUPIK ANDRIAN	4492	OPERATOR PLASTIC INJECTION	DEPT011
1127	OKTAFIAN ALDIANTO	4493	OPERATOR PLASTIC INJECTION	DEPT011
1128	TRESNO BAHARUDIN YUSUF	4494	OPERATOR PLASTIC INJECTION	DEPT011
1129	AHMAD IKHSAN NUDIN	4495	OPERATOR WH RM & COMP	DEPT005
1130	ANDIKA WIDIANTO	4496	OPERATOR WH RM & COMP	DEPT005
1131	BIBIT SETIYONO	4497	OPERATOR SHIPPING	DEPT005
1132	FITROH NUR KHALIM	4498	OPERATOR SHIPPING	DEPT005
1133	GALIH NOVIYANTO	4499	OPERATOR SHIPPING	DEPT005
1134	MOH. DHIYA'UL AMAR KHAQI	4500	OPERATOR WH RM & COMP	DEPT005
1135	DEDE SETIAWAN	4501	OPERATOR QRO	DEPT007
1136	PRASETIO	4502	OPERATOR QRO	DEPT007
1137	GATOT ARI WIBOWO	4503	OPERATOR QC PI	DEPT007
1138	LEO MARSONO	4504	OPERATOR QC PI	DEPT007
1139	SARIPUDIN	4505	OPERATOR QC PI	DEPT007
1140	AMAT ADE AGUNG SAPUTRA	4506	OPERATOR PLASTIC INJECTION	DEPT011
1141	MOHAMAD FAQIH MAULANA	4507	OPERATOR PLASTIC INJECTION	DEPT011
1143	MUHAMMAD FAIZZULFA	4509	OPERATOR PLASTIC INJECTION	DEPT011
1144	PARDI JUANDA	PP01	TEAM LEADER	DEPT024
1145	ANWAR SANUSI UJANG	PP02	CLEANING SERVICE	DEPT024
1146	NOVIANDRI	PP03	CLEANING SERVICE	DEPT024
1147	WAWAN PRIYATNA	PP04	CLEANING SERVICE	DEPT024
1148	M. TAUFIK GUMELAR	PP05	CLEANING SERVICE	DEPT024
1149	ANWAR SANUSI JUMBO	PP06	CLEANING SERVICE	DEPT024
1150	AGUS RIDWAN	PP07	CLEANING SERVICE	DEPT024
1151	UJANG HENDRI	PP08	CLEANING SERVICE	DEPT024
1152	ZAMALUDINSYAH	PP09	CLEANING SERVICE	DEPT024
1153	DERI SETIADI	PP10	CLEANING SERVICE	DEPT024
1154	YASIN	PP11	CLEANING SERVICE	DEPT024
1155	ENUH	PP12	CLEANING SERVICE	DEPT024
1156	FITRI MAHMUDIN	PP13	CLEANING SERVICE	DEPT024
1157	RIDWAN	PP14	CLEANING SERVICE	DEPT024
1158	WAHYUDIN	PP15	CLEANING SERVICE	DEPT024
1159	ENCUP	PP16	CLEANING SERVICE	DEPT024
1160	RUSTINA	PP17	CLEANING SERVICE	DEPT024
1161	ANDI PRABOWO	PP18	CLEANING SERVICE	DEPT024
1162	HAKIM ARDA BILLY	PP19	CLEANING SERVICE	DEPT024
1163	SUHENDI	PP20	CLEANING SERVICE	DEPT024
1164	DADANG HIDAYAT	PP21	CLEANING SERVICE	DEPT024
1165	IBNU BASKORO	PP22	CLEANING SERVICE	DEPT024
1166	SAMSUDIN	PP23	CLEANING SERVICE	DEPT024
1167	YONI HERDIANSYAH	PP24	CLEANING SERVICE	DEPT024
1168	BABAY BAEROHMAN	PP25	CLEANING SERVICE	DEPT024
1169	HERYANTO	PP26	CLEANING SERVICE	DEPT024
1170	ARIS RISNUL	PP27	CLEANING SERVICE	DEPT024
1171	HERI GUNAWAN	PP28	CLEANING SERVICE	DEPT024
1172	UWES DARMAWAN	PP29	CLEANING SERVICE	DEPT024
1173	SUPRIYADI	PP30	CLEANING SERVICE	DEPT024
1174	MULYANA HIKMAH	PP31	CLEANING SERVICE	DEPT024
1175	DANI RAMDANI	PP32	CLEANING SERVICE	DEPT024
1176	ARIN ARIYANTO	PP33	CLEANING SERVICE	DEPT024
1177	SLAMET	PP34	CLEANING SERVICE	DEPT024
1178	DEDEN LEMANSYAH	PP35	CLEANING SERVICE	DEPT024
1179	AINUR FITRIAH	PP36	CLEANING SERVICE	DEPT024
1180	SA.ADIH	PP37	CLEANING SERVICE	DEPT024
1181	CHARLIE H UNTAYANA	PP38	CLEANING SERVICE	DEPT024
1182	EDDY	PP39	CLEANING SERVICE	DEPT024
1183	DENI SENJAYA	PP40	CLEANING SERVICE	DEPT024
1184	SUHENDRA	PP41	CLEANING SERVICE	DEPT024
1185	ADE MARYADI	PP42	CLEANING SERVICE	DEPT024
1189	MUHAMMAD DANUR AL ANWAR	PP46	CLEANING SERVICE	DEPT024
1190	ROBI RASKA PRATAMA	PP47	CLEANING SERVICE	DEPT024
1191	RISKI RUDIANSYAH	PP48	CLEANING SERVICE	DEPT024
1192	SUNARDI	PP49	CLEANING SERVICE	DEPT024
1193	INDRA TRIYADI	PP50	CLEANING SERVICE	DEPT024
1194	GILANG FIRGIAWAN	PP51	CLEANING SERVICE	DEPT024
1195	BAGUS TRIYANA	PP52	CLEANING SERVICE	DEPT024
1196	PARMAN	PP53	CLEANING SERVICE	DEPT024
1197	ANGGA JAMILLUDIN	PP54	CLEANING SERVICE	DEPT024
1198	WAHYU ISKANDAR	PP55	CLEANING SERVICE	DEPT024
1199	FERI RAMLI	PP56	CLEANING SERVICE	DEPT024
1200	JAMAL	PP57	CLEANING SERVICE	DEPT024
1201	SYAHRUL RAMADAN	PP58	CLEANING SERVICE	DEPT024
1202	M. DICKY HERMAWAN	PP59	CLEANING SERVICE	DEPT024
1203	MUHAMMAD ALI FADILLAH	PP60	CLEANING SERVICE	DEPT024
1204	M. RIO	PP61	CLEANING SERVICE	DEPT024
1205	HERWAN IRWAN	PP62	CLEANING SERVICE	DEPT024
1206	MOCH. YUSUF ROHMA	PP63	CLEANING SERVICE	DEPT024
1207	INDRA	PP64	CLEANING SERVICE	DEPT024
1208	INDRA LESMANA	PP65	CLEANING SERVICE	DEPT024
1209	IBRAHIM	PP66	CLEANING SERVICE	DEPT024
1210	SEPTIAN TRIPANJI	PP67	CLEANING SERVICE	DEPT024
1211	FAHMI ADIYASA	PP68	CLEANING SERVICE	DEPT024
1212	IQBAL RAMADHAN	PP69	CLEANING SERVICE	DEPT024
1213	BINTANG RYAN FAIZAL	PP70	CLEANING SERVICE	DEPT024
1214	HERU SUBARNA	PP71	CLEANING SERVICE	DEPT024
1215	RIDWANSYAH	PP72	CLEANING SERVICE	DEPT024
1216	RIKI ANDRIANSYAH	PP73	CLEANING SERVICE	DEPT024
1217	YADI SURYADI	PP74	CLEANING SERVICE	DEPT024
1218	TIRTA ADITIA	PP75	CLEANING SERVICE	DEPT024
1219	NURMAN SOLEH	PP76	CLEANING SERVICE	DEPT024
1220	OLVI MUSTAFHA HADZI	PP77	CLEANING SERVICE	DEPT024
1221	RAMDAN GUNAWAN	PP78	CLEANING SERVICE	DEPT024
\.


--
-- Data for Name: material; Type: TABLE DATA; Schema: public; Owner: postgres
--

COPY public.material (material_code, material_name, code_vendor, created_at) FROM stdin;
QB4MRR-KACT01WH00	ACTUATOR S/A LH 441-D01N-30-021-111	21000000	2020-07-02 17:03:36.353451+07
QB4MRR-KACT01WH01	ACTUATOR S/A RH 441-D01N-30-021-100	21000000	2020-07-02 17:03:36.353451+07
QB4MRR-KBAS14BK00	SUB ASSY BASE STAY LHD LH 34231-S1900	21000000	2020-07-02 17:03:36.353451+07
QB4MRR-KBAS14BK01	SUB ASSY BASE STAY LHD RH 34232-S1800	21000000	2020-07-02 17:03:36.353451+07
QB4MRR-KBAS14BK02	SUB ASSY BASE STAY RHD LH 34231-S1700	21000000	2020-07-02 17:03:36.353451+07
QB4MRR-KBAS14BK03	SUB ASSY BASE STAY RHD RH 34232-S1600	21000000	2020-07-02 17:03:36.353451+07
QB4MRR-KCON01WH00	CONNECTOR D01N	21000000	2020-07-02 17:03:36.353451+07
QB4MRR-KRRV14BK00	MIRROR OUTER REAR VIEW RH 87917-BZ180	21000000	2020-07-02 17:03:36.353451+07
QB4MRR-KRRV14BK01	MIRROR OUTER REAR VIEW LH 87947-BZ180	21000000	2020-07-02 17:03:36.353451+07
QB4MRR-KRRV14BK02	MIRROR OUTER REAR VIEW RH 87917-BZ190	21000000	2020-07-02 17:03:36.353451+07
QB4MRR-KRRV14BK03	MIRROR OUTER REAR VIEW LH 87947-BZ190	21000000	2020-07-02 17:03:36.353451+07
QB4MRR-KTML01YL00	TERMINAL D01N	21000000	2020-07-02 17:03:36.353451+07
QI1OTH-KPFO29WH01	POLYFOAM BAG UK 290X180 MM	21000000	2020-07-02 17:03:36.353451+07
QI4DOR-SROLDMB000	ROLL A 87Z05 B0	21000000	2020-07-02 17:03:36.353451+07
LOMSTB-MPLM30BR00	MB PLAMASTER JP 6223-30 CASTAGNA BROWN	21000006	2020-07-02 18:41:34.147333+07
LOMSTB-MPLM35BK00	MB PLAMASTER JP 135 BLACK	21000006	2020-07-02 18:41:34.147333+07
LOMSTB-MPLMJBBK00	MB PLAMASTER JB302S (AWP)	21000006	2020-07-02 18:41:34.147333+07
LOMSTB-MPLMJBGY00	MB PLAMASTER JB 1112-30 (AWP) GREY	21000006	2020-07-02 18:41:34.147333+07
LOMSTB-MPLMJEBK00	MB PLAMASTER JE-120-20	21000006	2020-07-02 18:41:34.147333+07
LOMSTB-MPLMJPBK00	MB PLAMASTER JP 112 BLACK	21000006	2020-07-02 18:41:34.147333+07
QI4ACO-KNHX30CR00	NUT HEXAGON JK949050-3030	21000018	2020-07-02 18:50:25.540727+07
QI4OTH-KINSAPCR00	INSERT JK022435-5380	21000018	2020-07-02 18:50:25.540727+07
QI4OTH-KINSAPCR01	INSERT JK022435-3260	21000018	2020-07-02 18:50:25.540727+07
QI4OTH-KINSAPCR02	INSERT JK022435-3250	21000018	2020-07-02 18:50:25.540727+07
QI4OTH-KINSAPCR03	INSERT JK022435-3270	21000018	2020-07-02 18:50:25.540727+07
QI4OTH-KINSAPCR04	INSERT 022435-3060	21000018	2020-07-02 18:50:25.540727+07
QI4OTH-KNUTAPCR00	NUT JK949056-4190	21000018	2020-07-02 18:50:25.540727+07
\.


--
-- Data for Name: user; Type: TABLE DATA; Schema: public; Owner: postgres
--

COPY public."user" (id_user, nama_lengkap, username, email, role, password, is_active, created_at, updated_at) FROM stdin;
\.


--
-- Data for Name: vendor; Type: TABLE DATA; Schema: public; Owner: postgres
--

COPY public.vendor (code_vendor, vendor_name, created_at) FROM stdin;
21000000	PT. ASTRA OTOPARTS TBK	2020-07-02 15:30:38.141396+07
21000006	PT. DIC ASTRA CHEMICALS	2020-07-02 15:36:30.638558+07
21000018	PT. DENSO INDONESIA	2020-07-02 15:36:30.638558+07
21010025	PT. AUTOPLASTIK INDONESIA	2020-07-02 15:37:31.132018+07
21010051	PT. ASTRA JUOKU INDONESIA	2020-07-02 15:37:31.132018+07
21010080	PT. ASTRA VISTEON INDONESIA	2020-07-02 15:37:31.132018+07
31000001	PT. ADHI CHANDRA JAYA	2020-07-02 15:37:31.132018+07
31000003	PT. ADYABINA PUTRAMAS	2020-07-02 15:37:31.132018+07
31000004	PT. AFIXKOGYO INDONESIA	2020-07-02 15:37:31.132018+07
31000010	PT. ANDALIRA CIPTA ABADI	2020-07-02 16:17:49.777356+07
31000011	PT. ANEKA KOMKAR UTAMA	2020-07-02 16:17:49.777356+07
31000012	PT. ANEKA RUBBERINDO PIRANTI SEJATI	2020-07-02 16:17:49.777356+07
31000013	PT. ARAI RUBBER SEAL INDONESIA	2020-07-02 16:17:49.777356+07
31000016	PT. ARMSTRONG INDUSTRI INDONESIA	2020-07-02 16:17:49.777356+07
31000028	PT. BAHTERA CAHAYAMAS	2020-07-02 16:17:49.777356+07
31000031	CV. BERKAH	2020-07-02 16:17:49.777356+07
31000037	PT. BUSUR KENCANA SAKTI	2020-07-02 16:17:49.777356+07
31000040	PT. CATURINDO AGUNGJAYA RUBBER	2020-07-02 16:17:49.777356+07
31000043	PT. CHEH HWA INDONESIA	2020-07-02 16:17:49.777356+07
31000047	PT. CIKARANG PRESISI	2020-07-02 16:27:44.308361+07
31000063	PT. CIPTA GRAHA SUPLINDO	2020-07-02 16:27:44.308361+07
31000064	PT. DHARMA PRECISION PARTS	2020-07-02 16:27:44.308361+07
31000082	PT. ERAN TEKNIKATAMA	2020-07-02 16:27:44.308361+07
31000089	PT. GARUDA METALINDO	2020-07-02 16:27:44.308361+07
31000110	PT. INABATA INDONESIA	2020-07-02 16:27:44.308361+07
31000128	PT. IRC INOAC INDONESIA	2020-07-02 16:27:44.308361+07
31000135	PT. KANSAI PAINT INDONESIA	2020-07-02 16:27:44.308361+07
31000137	PT. KARYA PUTRA SANGKURIANG	2020-07-02 16:27:44.308361+07
31000157	PT. MADA WIKRI TUNGGAL	2020-07-02 16:27:44.308361+07
31000194	NAGA SAKTI / MONSANTOSO WIJAYALIE	2020-07-02 16:35:49.124091+07
31000163	PT. MANDIRI PANCA PRIMA	2020-07-02 16:35:49.124091+07
31000170	PT. MEIWA INDONESIA	2020-07-02 16:35:49.124091+07
31000186	PT. MULTI SARANA PLASINDO	2020-07-02 16:35:49.124091+07
31000190	PT. MURNI CAHAYA PRATAMA	2020-07-02 16:35:49.124091+07
31000195	PT. NAGASE IMPOR-EKSPOR INDONESIA	2020-07-02 16:35:49.124091+07
31000196	PT. NANDYA KARYA PERKASA	2020-07-02 16:35:49.124091+07
\.


--
-- Name: auth_group_id_seq; Type: SEQUENCE SET; Schema: public; Owner: postgres
--

SELECT pg_catalog.setval('public.auth_group_id_seq', 1, false);


--
-- Name: auth_group_permissions_id_seq; Type: SEQUENCE SET; Schema: public; Owner: postgres
--

SELECT pg_catalog.setval('public.auth_group_permissions_id_seq', 1, false);


--
-- Name: auth_permission_id_seq; Type: SEQUENCE SET; Schema: public; Owner: postgres
--

SELECT pg_catalog.setval('public.auth_permission_id_seq', 24, true);


--
-- Name: auth_user_groups_id_seq; Type: SEQUENCE SET; Schema: public; Owner: postgres
--

SELECT pg_catalog.setval('public.auth_user_groups_id_seq', 1, false);


--
-- Name: auth_user_id_seq; Type: SEQUENCE SET; Schema: public; Owner: postgres
--

SELECT pg_catalog.setval('public.auth_user_id_seq', 1, false);


--
-- Name: auth_user_user_permissions_id_seq; Type: SEQUENCE SET; Schema: public; Owner: postgres
--

SELECT pg_catalog.setval('public.auth_user_user_permissions_id_seq', 1, false);


--
-- Name: django_admin_log_id_seq; Type: SEQUENCE SET; Schema: public; Owner: postgres
--

SELECT pg_catalog.setval('public.django_admin_log_id_seq', 1, false);


--
-- Name: django_content_type_id_seq; Type: SEQUENCE SET; Schema: public; Owner: postgres
--

SELECT pg_catalog.setval('public.django_content_type_id_seq', 6, true);


--
-- Name: django_migrations_id_seq; Type: SEQUENCE SET; Schema: public; Owner: postgres
--

SELECT pg_catalog.setval('public.django_migrations_id_seq', 17, true);


--
-- Name: auth_group auth_group_name_key; Type: CONSTRAINT; Schema: public; Owner: postgres
--

ALTER TABLE ONLY public.auth_group
    ADD CONSTRAINT auth_group_name_key UNIQUE (name);


--
-- Name: auth_group_permissions auth_group_permissions_group_id_permission_id_0cd325b0_uniq; Type: CONSTRAINT; Schema: public; Owner: postgres
--

ALTER TABLE ONLY public.auth_group_permissions
    ADD CONSTRAINT auth_group_permissions_group_id_permission_id_0cd325b0_uniq UNIQUE (group_id, permission_id);


--
-- Name: auth_group_permissions auth_group_permissions_pkey; Type: CONSTRAINT; Schema: public; Owner: postgres
--

ALTER TABLE ONLY public.auth_group_permissions
    ADD CONSTRAINT auth_group_permissions_pkey PRIMARY KEY (id);


--
-- Name: auth_group auth_group_pkey; Type: CONSTRAINT; Schema: public; Owner: postgres
--

ALTER TABLE ONLY public.auth_group
    ADD CONSTRAINT auth_group_pkey PRIMARY KEY (id);


--
-- Name: auth_permission auth_permission_content_type_id_codename_01ab375a_uniq; Type: CONSTRAINT; Schema: public; Owner: postgres
--

ALTER TABLE ONLY public.auth_permission
    ADD CONSTRAINT auth_permission_content_type_id_codename_01ab375a_uniq UNIQUE (content_type_id, codename);


--
-- Name: auth_permission auth_permission_pkey; Type: CONSTRAINT; Schema: public; Owner: postgres
--

ALTER TABLE ONLY public.auth_permission
    ADD CONSTRAINT auth_permission_pkey PRIMARY KEY (id);


--
-- Name: auth_user_groups auth_user_groups_pkey; Type: CONSTRAINT; Schema: public; Owner: postgres
--

ALTER TABLE ONLY public.auth_user_groups
    ADD CONSTRAINT auth_user_groups_pkey PRIMARY KEY (id);


--
-- Name: auth_user_groups auth_user_groups_user_id_group_id_94350c0c_uniq; Type: CONSTRAINT; Schema: public; Owner: postgres
--

ALTER TABLE ONLY public.auth_user_groups
    ADD CONSTRAINT auth_user_groups_user_id_group_id_94350c0c_uniq UNIQUE (user_id, group_id);


--
-- Name: auth_user auth_user_pkey; Type: CONSTRAINT; Schema: public; Owner: postgres
--

ALTER TABLE ONLY public.auth_user
    ADD CONSTRAINT auth_user_pkey PRIMARY KEY (id);


--
-- Name: auth_user_user_permissions auth_user_user_permissions_pkey; Type: CONSTRAINT; Schema: public; Owner: postgres
--

ALTER TABLE ONLY public.auth_user_user_permissions
    ADD CONSTRAINT auth_user_user_permissions_pkey PRIMARY KEY (id);


--
-- Name: auth_user_user_permissions auth_user_user_permissions_user_id_permission_id_14a6b632_uniq; Type: CONSTRAINT; Schema: public; Owner: postgres
--

ALTER TABLE ONLY public.auth_user_user_permissions
    ADD CONSTRAINT auth_user_user_permissions_user_id_permission_id_14a6b632_uniq UNIQUE (user_id, permission_id);


--
-- Name: auth_user auth_user_username_key; Type: CONSTRAINT; Schema: public; Owner: postgres
--

ALTER TABLE ONLY public.auth_user
    ADD CONSTRAINT auth_user_username_key UNIQUE (username);


--
-- Name: customer customer_pkey; Type: CONSTRAINT; Schema: public; Owner: postgres
--

ALTER TABLE ONLY public.customer
    ADD CONSTRAINT customer_pkey PRIMARY KEY (id_customer);


--
-- Name: data_part data_part_pkey; Type: CONSTRAINT; Schema: public; Owner: postgres
--

ALTER TABLE ONLY public.data_part
    ADD CONSTRAINT data_part_pkey PRIMARY KEY (id_part);


--
-- Name: departemen departemen_pkey; Type: CONSTRAINT; Schema: public; Owner: postgres
--

ALTER TABLE ONLY public.departemen
    ADD CONSTRAINT departemen_pkey PRIMARY KEY (dept_code);


--
-- Name: django_admin_log django_admin_log_pkey; Type: CONSTRAINT; Schema: public; Owner: postgres
--

ALTER TABLE ONLY public.django_admin_log
    ADD CONSTRAINT django_admin_log_pkey PRIMARY KEY (id);


--
-- Name: django_content_type django_content_type_app_label_model_76bd3d3b_uniq; Type: CONSTRAINT; Schema: public; Owner: postgres
--

ALTER TABLE ONLY public.django_content_type
    ADD CONSTRAINT django_content_type_app_label_model_76bd3d3b_uniq UNIQUE (app_label, model);


--
-- Name: django_content_type django_content_type_pkey; Type: CONSTRAINT; Schema: public; Owner: postgres
--

ALTER TABLE ONLY public.django_content_type
    ADD CONSTRAINT django_content_type_pkey PRIMARY KEY (id);


--
-- Name: django_migrations django_migrations_pkey; Type: CONSTRAINT; Schema: public; Owner: postgres
--

ALTER TABLE ONLY public.django_migrations
    ADD CONSTRAINT django_migrations_pkey PRIMARY KEY (id);


--
-- Name: django_session django_session_pkey; Type: CONSTRAINT; Schema: public; Owner: postgres
--

ALTER TABLE ONLY public.django_session
    ADD CONSTRAINT django_session_pkey PRIMARY KEY (session_key);


--
-- Name: employees employees_pkey; Type: CONSTRAINT; Schema: public; Owner: postgres
--

ALTER TABLE ONLY public.employees
    ADD CONSTRAINT employees_pkey PRIMARY KEY (id_employee);


--
-- Name: material material_pkey; Type: CONSTRAINT; Schema: public; Owner: postgres
--

ALTER TABLE ONLY public.material
    ADD CONSTRAINT material_pkey PRIMARY KEY (material_code);


--
-- Name: user user_pkey; Type: CONSTRAINT; Schema: public; Owner: postgres
--

ALTER TABLE ONLY public."user"
    ADD CONSTRAINT user_pkey PRIMARY KEY (id_user);


--
-- Name: vendor vendor_pkey; Type: CONSTRAINT; Schema: public; Owner: postgres
--

ALTER TABLE ONLY public.vendor
    ADD CONSTRAINT vendor_pkey PRIMARY KEY (code_vendor);


--
-- Name: auth_group_name_a6ea08ec_like; Type: INDEX; Schema: public; Owner: postgres
--

CREATE INDEX auth_group_name_a6ea08ec_like ON public.auth_group USING btree (name varchar_pattern_ops);


--
-- Name: auth_group_permissions_group_id_b120cbf9; Type: INDEX; Schema: public; Owner: postgres
--

CREATE INDEX auth_group_permissions_group_id_b120cbf9 ON public.auth_group_permissions USING btree (group_id);


--
-- Name: auth_group_permissions_permission_id_84c5c92e; Type: INDEX; Schema: public; Owner: postgres
--

CREATE INDEX auth_group_permissions_permission_id_84c5c92e ON public.auth_group_permissions USING btree (permission_id);


--
-- Name: auth_permission_content_type_id_2f476e4b; Type: INDEX; Schema: public; Owner: postgres
--

CREATE INDEX auth_permission_content_type_id_2f476e4b ON public.auth_permission USING btree (content_type_id);


--
-- Name: auth_user_groups_group_id_97559544; Type: INDEX; Schema: public; Owner: postgres
--

CREATE INDEX auth_user_groups_group_id_97559544 ON public.auth_user_groups USING btree (group_id);


--
-- Name: auth_user_groups_user_id_6a12ed8b; Type: INDEX; Schema: public; Owner: postgres
--

CREATE INDEX auth_user_groups_user_id_6a12ed8b ON public.auth_user_groups USING btree (user_id);


--
-- Name: auth_user_user_permissions_permission_id_1fbb5f2c; Type: INDEX; Schema: public; Owner: postgres
--

CREATE INDEX auth_user_user_permissions_permission_id_1fbb5f2c ON public.auth_user_user_permissions USING btree (permission_id);


--
-- Name: auth_user_user_permissions_user_id_a95ead1b; Type: INDEX; Schema: public; Owner: postgres
--

CREATE INDEX auth_user_user_permissions_user_id_a95ead1b ON public.auth_user_user_permissions USING btree (user_id);


--
-- Name: auth_user_username_6821ab7c_like; Type: INDEX; Schema: public; Owner: postgres
--

CREATE INDEX auth_user_username_6821ab7c_like ON public.auth_user USING btree (username varchar_pattern_ops);


--
-- Name: django_admin_log_content_type_id_c4bce8eb; Type: INDEX; Schema: public; Owner: postgres
--

CREATE INDEX django_admin_log_content_type_id_c4bce8eb ON public.django_admin_log USING btree (content_type_id);


--
-- Name: django_admin_log_user_id_c564eba6; Type: INDEX; Schema: public; Owner: postgres
--

CREATE INDEX django_admin_log_user_id_c564eba6 ON public.django_admin_log USING btree (user_id);


--
-- Name: django_session_expire_date_a5c62663; Type: INDEX; Schema: public; Owner: postgres
--

CREATE INDEX django_session_expire_date_a5c62663 ON public.django_session USING btree (expire_date);


--
-- Name: django_session_session_key_c0390e0f_like; Type: INDEX; Schema: public; Owner: postgres
--

CREATE INDEX django_session_session_key_c0390e0f_like ON public.django_session USING btree (session_key varchar_pattern_ops);


--
-- Name: auth_group_permissions auth_group_permissio_permission_id_84c5c92e_fk_auth_perm; Type: FK CONSTRAINT; Schema: public; Owner: postgres
--

ALTER TABLE ONLY public.auth_group_permissions
    ADD CONSTRAINT auth_group_permissio_permission_id_84c5c92e_fk_auth_perm FOREIGN KEY (permission_id) REFERENCES public.auth_permission(id) DEFERRABLE INITIALLY DEFERRED;


--
-- Name: auth_group_permissions auth_group_permissions_group_id_b120cbf9_fk_auth_group_id; Type: FK CONSTRAINT; Schema: public; Owner: postgres
--

ALTER TABLE ONLY public.auth_group_permissions
    ADD CONSTRAINT auth_group_permissions_group_id_b120cbf9_fk_auth_group_id FOREIGN KEY (group_id) REFERENCES public.auth_group(id) DEFERRABLE INITIALLY DEFERRED;


--
-- Name: auth_permission auth_permission_content_type_id_2f476e4b_fk_django_co; Type: FK CONSTRAINT; Schema: public; Owner: postgres
--

ALTER TABLE ONLY public.auth_permission
    ADD CONSTRAINT auth_permission_content_type_id_2f476e4b_fk_django_co FOREIGN KEY (content_type_id) REFERENCES public.django_content_type(id) DEFERRABLE INITIALLY DEFERRED;


--
-- Name: auth_user_groups auth_user_groups_group_id_97559544_fk_auth_group_id; Type: FK CONSTRAINT; Schema: public; Owner: postgres
--

ALTER TABLE ONLY public.auth_user_groups
    ADD CONSTRAINT auth_user_groups_group_id_97559544_fk_auth_group_id FOREIGN KEY (group_id) REFERENCES public.auth_group(id) DEFERRABLE INITIALLY DEFERRED;


--
-- Name: auth_user_groups auth_user_groups_user_id_6a12ed8b_fk_auth_user_id; Type: FK CONSTRAINT; Schema: public; Owner: postgres
--

ALTER TABLE ONLY public.auth_user_groups
    ADD CONSTRAINT auth_user_groups_user_id_6a12ed8b_fk_auth_user_id FOREIGN KEY (user_id) REFERENCES public.auth_user(id) DEFERRABLE INITIALLY DEFERRED;


--
-- Name: auth_user_user_permissions auth_user_user_permi_permission_id_1fbb5f2c_fk_auth_perm; Type: FK CONSTRAINT; Schema: public; Owner: postgres
--

ALTER TABLE ONLY public.auth_user_user_permissions
    ADD CONSTRAINT auth_user_user_permi_permission_id_1fbb5f2c_fk_auth_perm FOREIGN KEY (permission_id) REFERENCES public.auth_permission(id) DEFERRABLE INITIALLY DEFERRED;


--
-- Name: auth_user_user_permissions auth_user_user_permissions_user_id_a95ead1b_fk_auth_user_id; Type: FK CONSTRAINT; Schema: public; Owner: postgres
--

ALTER TABLE ONLY public.auth_user_user_permissions
    ADD CONSTRAINT auth_user_user_permissions_user_id_a95ead1b_fk_auth_user_id FOREIGN KEY (user_id) REFERENCES public.auth_user(id) DEFERRABLE INITIALLY DEFERRED;


--
-- Name: material code_vendor_fk; Type: FK CONSTRAINT; Schema: public; Owner: postgres
--

ALTER TABLE ONLY public.material
    ADD CONSTRAINT code_vendor_fk FOREIGN KEY (code_vendor) REFERENCES public.vendor(code_vendor) ON UPDATE CASCADE ON DELETE CASCADE;


--
-- Name: django_admin_log django_admin_log_content_type_id_c4bce8eb_fk_django_co; Type: FK CONSTRAINT; Schema: public; Owner: postgres
--

ALTER TABLE ONLY public.django_admin_log
    ADD CONSTRAINT django_admin_log_content_type_id_c4bce8eb_fk_django_co FOREIGN KEY (content_type_id) REFERENCES public.django_content_type(id) DEFERRABLE INITIALLY DEFERRED;


--
-- Name: django_admin_log django_admin_log_user_id_c564eba6_fk_auth_user_id; Type: FK CONSTRAINT; Schema: public; Owner: postgres
--

ALTER TABLE ONLY public.django_admin_log
    ADD CONSTRAINT django_admin_log_user_id_c564eba6_fk_auth_user_id FOREIGN KEY (user_id) REFERENCES public.auth_user(id) DEFERRABLE INITIALLY DEFERRED;


--
-- Name: data_part fk_id_customer; Type: FK CONSTRAINT; Schema: public; Owner: postgres
--

ALTER TABLE ONLY public.data_part
    ADD CONSTRAINT fk_id_customer FOREIGN KEY (id_customer) REFERENCES public.customer(id_customer) ON UPDATE CASCADE ON DELETE CASCADE;


--
-- PostgreSQL database dump complete
--

